{"type":"FeatureCollection", "features": [
{"type":"Feature","geometry":{"type":"Polygon","coordinates":[[[139.75545723786954,35.669563334115274],[139.75581829889694,35.66947649235981],[139.75695917822554,35.66909660253833],[139.7569862639214,35.66908757081811],[139.75797220830344,35.66875806358798],[139.75802166560493,35.66874151014673],[139.7584994757793,35.66857780032035],[139.75852847056433,35.66856683329492],[139.75853243084003,35.66856532144734],[139.7585493163365,35.66863103368727],[139.75859375059528,35.66876785044757],[139.7586700190262,35.6689682064384],[139.75892634780817,35.66944422503885],[139.7589723977231,35.66952657373969],[139.75947467619008,35.67042473203005],[139.7600910686463,35.671526927555995],[139.76039840626584,35.67207645698752],[139.76004104532882,35.672191693146004],[139.7599809633867,35.672216268516046],[139.75932987514045,35.67246888788334],[139.75763502237018,35.67308045200048],[139.7575644469696,35.67302058556001],[139.75616320140742,35.67072032426801],[139.75416356249772,35.67154050737683],[139.75289976787613,35.67206433211194],[139.75204451559543,35.67062491178408],[139.75229042882205,35.67058236845065],[139.75328229852653,35.67029466223841],[139.75340173510622,35.67025608072141],[139.75394762806215,35.670079757989335],[139.75451144916067,35.669893939519916],[139.7551222739157,35.66968043718461],[139.755430623235,35.669572647925776],[139.75545723786954,35.669563334115274]]]},"properties":{"name":"東京都千代田区内幸町"}},
{"type":"Feature","geometry":{"type":"Polygon","coordinates":[[[139.75289976787613,35.67206433211194],[139.75288724849648,35.672102315612364],[139.75391681318834,35.67372669583276],[139.7558869118473,35.67686787766099],[139.75350729297452,35.6778882533702],[139.75328517350408,35.6780005654358],[139.75323416372524,35.67804063527651],[139.7528977617218,35.67788457359884],[139.75136096654742,35.67742338240337],[139.75069700983406,35.67736356590953],[139.7496781279549,35.6774741958826],[139.74961679181746,35.67731835077634],[139.74930409217444,35.676769037267015],[139.74891046363803,35.676159352081015],[139.74867499722515,35.67575966234055],[139.74780951075348,35.67430147453412],[139.74758134227605,35.67393442636859],[139.74737507641686,35.67365974948361],[139.7472447429755,35.673529451022894],[139.7467260993667,35.6730110033261],[139.74665331753033,35.67294405330253],[139.74634387296732,35.672646730530346],[139.74626448325517,35.672595549472],[139.7459852147651,35.67242725600386],[139.74579482540122,35.672318214738624],[139.74553860419283,35.672235531872204],[139.7447316295943,35.67208635828095],[139.74436844812988,35.67201651645363],[139.74411254040686,35.671950168989525],[139.743825538005,35.67185964303321],[139.74374171328458,35.67183130762753],[139.74359915542323,35.67176018378657],[139.74347786345666,35.6716996387481],[139.74328110853443,35.67157217373108],[139.74306396906175,35.67137033012863],[139.74315139541568,35.67131789874016],[139.7431779425337,35.671346824591176],[139.74327728859777,35.67132316742829],[139.74366242633064,35.67123152231997],[139.74496049184117,35.67096484959418],[139.74502466029867,35.67095007259262],[139.7450330973375,35.670948141716366],[139.7449842228725,35.67077378194094],[139.74495093494934,35.67058123218121],[139.7459433903861,35.670376294116906],[139.74613901880787,35.6703359090003],[139.74639963279157,35.6702862384726],[139.7464293364944,35.67028059113165],[139.74662748093,35.670146936886916],[139.7475356859178,35.669534231280565],[139.74869549174426,35.67040360532387],[139.748919944028,35.67057167875254],[139.74941734200976,35.670944121108526],[139.7496274703638,35.67087571336056],[139.75104364323846,35.670395017734116],[139.75179692755154,35.67013934427435],[139.7518040745949,35.67015332665123],[139.7520156803065,35.67056725423969],[139.75204451559543,35.67062491178408],[139.75289976787613,35.67206433211194]]]},"properties":{"name":"東京都千代田区霞が関"}},
{"type":"Feature","geometry":{"type":"Polygon","coordinates":[[[139.75624319523033,35.69056360329541],[139.75569761143012,35.69178460761226],[139.75568458607117,35.69181375398661],[139.75581358061424,35.69186143926075],[139.7557396982211,35.692014272829724],[139.7556621274309,35.692102950858775],[139.7554878508797,35.69239476190077],[139.75533429282814,35.69269105868317],[139.75512904047108,35.692777047741615],[139.75481578554798,35.69290831754096],[139.7543275012814,35.69313545314812],[139.7539036703377,35.69328738575272],[139.75360438490335,35.69342489274971],[139.75349813572313,35.69347369365674],[139.75320151651232,35.69323002173426],[139.75264915993293,35.69345478322577],[139.7525921498878,35.693485941377084],[139.75156969026006,35.69364577262568],[139.75041417079026,35.69487461009783],[139.75038644885262,35.69488050758619],[139.75026771487595,35.69513351156127],[139.74933689305158,35.695010054675],[139.74925729076938,35.694736807212166],[139.74901626792482,35.69468266207097],[139.7490415308892,35.69468141243332],[139.74758071282486,35.69431905955272],[139.74762415647743,35.69397583057916],[139.74767488727792,35.69368394327583],[139.74769504818082,35.69325975120328],[139.74769720783223,35.692884663659264],[139.74769445458324,35.69248196909409],[139.7476694275263,35.692234074993614],[139.74756642959596,35.69212650629763],[139.74737492321148,35.69193116672112],[139.74716534693692,35.691691485510574],[139.74712444780727,35.691625156085685],[139.74711870466518,35.69145744876461],[139.74716220960318,35.69127759288542],[139.74713516039108,35.69128151701708],[139.7471794210671,35.69126197276409],[139.74722587543874,35.6911133865385],[139.74734088101667,35.69101477515667],[139.74742022339834,35.69089117482644],[139.74757248156956,35.69051869450705],[139.7476705607383,35.69030546352035],[139.7479552166986,35.6898806495492],[139.74773365872156,35.68954839379472],[139.74703650099815,35.689420719516654],[139.7467788636924,35.68936183932799],[139.74642160412213,35.689294649821115],[139.74593131379328,35.68918570903073],[139.74557903198718,35.68903792566054],[139.74538254478068,35.68902345097731],[139.7451647245851,35.68812692320095],[139.74544234176994,35.68808297287636],[139.74541573212554,35.68790778507386],[139.74640975224273,35.687815691427865],[139.7472293418326,35.68788525570031],[139.748023026442,35.68795261274066],[139.74861502653948,35.688122319357504],[139.74950083363834,35.68840936981065],[139.75048114959665,35.6888859086952],[139.75129173452328,35.689294472662205],[139.75208946680777,35.689495708547994],[139.75260031674307,35.688878297868264],[139.7536505505827,35.6894124949549],[139.7544530287153,35.68984244071233],[139.75478658714556,35.68996712511357],[139.756227877266,35.69056891066616],[139.75624319523033,35.69056360329541]]]},"properties":{"name":"東京都千代田区北の丸公園"}},
{"type":"Feature","geometry":{"type":"Polygon","coordinates":[[[139.74696684535604,35.699495072990814],[139.74706836438023,35.699640385594925],[139.74694191266718,35.69970458771277],[139.7470701716664,35.69990093861903],[139.74705056323066,35.70008584534382],[139.74715097715412,35.70020129929635],[139.7470583152112,35.700282250546465],[139.74690299523468,35.7002414714394],[139.7467411820942,35.700273466528195],[139.74651483827557,35.700304958120455],[139.74609126710425,35.70038158522954],[139.74610528408365,35.70046694395159],[139.7458820339714,35.70053040625085],[139.74591973277452,35.700634900131135],[139.74602262552375,35.700854577220746],[139.74608215216617,35.70093704572229],[139.7458277106585,35.701081678637216],[139.7454951764897,35.70128135742132],[139.74521601199075,35.70138988122183],[139.74499296514463,35.70149154460162],[139.74486765503914,35.70137997903594],[139.7445051617538,35.7010572633926],[139.74440493991375,35.70096719356411],[139.74426190421298,35.700725796818986],[139.74387845778404,35.7000821981068],[139.74376520106907,35.699969126023554],[139.74342957179167,35.700136826273905],[139.74339988060694,35.70015081769564],[139.7433095266603,35.700193424621844],[139.74315727165632,35.70024545589935],[139.74313762444893,35.700252166311785],[139.74302212816093,35.700112086926296],[139.74284252604642,35.69989425078028],[139.74259161945852,35.69957957024416],[139.74215348710268,35.6990384904738],[139.74193713603506,35.698759572034966],[139.74156406045287,35.69829938109866],[139.7415139604808,35.69832472908422],[139.74031657978153,35.6968447967457],[139.74021367876867,35.69670944209368],[139.74020888455203,35.69670348757205],[139.74012438622395,35.69656050615211],[139.74009457515925,35.69651006337776],[139.73995283882923,35.69631077249425],[139.73989885743623,35.69623217841194],[139.73936818364888,35.695459618727845],[139.73921293433537,35.69523359271238],[139.73974487462576,35.694979687388745],[139.73999366453774,35.694866716949306],[139.73993560886007,35.694793892912266],[139.73999481112122,35.69466964819369],[139.74107144735598,35.69501289087516],[139.74141777264023,35.695120050860986],[139.74194538691984,35.69529928081399],[139.74213263706088,35.695354455373966],[139.74354224691913,35.695748169988434],[139.74381587408797,35.69582343993078],[139.7449661276888,35.696118852261854],[139.74503635400828,35.69607496199581],[139.74608073675347,35.69629137965073],[139.746378499657,35.696358456978395],[139.7463756188308,35.69635250497923],[139.74683435803328,35.69645624485717],[139.74722005724036,35.69652574348514],[139.7472504266552,35.69653196208958],[139.74727026675512,35.69653602610788],[139.74757675003227,35.69628526984987],[139.74851505444937,35.69636519139269],[139.74872736205117,35.69676588558675],[139.7498651839451,35.6968902296263],[139.7496445997559,35.697591840082346],[139.74957455909174,35.697659393907564],[139.74941269120754,35.69781547188286],[139.74910870485547,35.698002538528094],[139.7490618482263,35.698121866533135],[139.7485175679682,35.6987861722328],[139.74824121735776,35.69876939409617],[139.74784681838344,35.698943156267184],[139.74775361571173,35.69894699844984],[139.74741739286068,35.699223858278906],[139.74746066913391,35.69934194741318],[139.74721694689924,35.69941258038727],[139.74696684535604,35.699495072990814]]]},"properties":{"name":"東京都千代田区富士見"}},
{"type":"Feature","geometry":{"type":"Polygon","coordinates":[[[139.7447316295943,35.67208635828095],[139.74553860419283,35.672235531872204],[139.74579482540122,35.672318214738624],[139.7459852147651,35.67242725600386],[139.74626448325517,35.672595549472],[139.74634387296732,35.672646730530346],[139.74665331753033,35.67294405330253],[139.7467260993667,35.6730110033261],[139.7472447429755,35.673529451022894],[139.74737507641686,35.67365974948361],[139.74758134227605,35.67393442636859],[139.74780951075348,35.67430147453412],[139.74867499722515,35.67575966234055],[139.74891046363803,35.676159352081015],[139.74930409217444,35.676769037267015],[139.74961679181746,35.67731835077634],[139.7496781279549,35.6774741958826],[139.7495598624077,35.67748893768153],[139.74921404286764,35.67764456973157],[139.74861312557667,35.67818592211801],[139.74836713880273,35.67854942906036],[139.74775704203955,35.679157598606835],[139.74725634307097,35.67952831697437],[139.74700152281846,35.679639468278026],[139.7461400723699,35.67989369732004],[139.7459105157238,35.679851914421256],[139.74490317965896,35.67966851300685],[139.74394078448498,35.67949327128824],[139.74314038914378,35.67932613531571],[139.74312542098997,35.679344819443955],[139.74085508027548,35.67893368498996],[139.74013119802942,35.67880415574918],[139.73975394350342,35.67873316451202],[139.73939202938962,35.678678695295204],[139.73904069663516,35.67865828155622],[139.73852083714567,35.67861178521338],[139.73758249348901,35.67854178796302],[139.7369994639748,35.67849058754683],[139.73697190748163,35.67846584914879],[139.73713186845933,35.67808669669156],[139.73707651975414,35.677982538135396],[139.73703629841725,35.67787722793593],[139.7369972345828,35.67767931824077],[139.73702206558954,35.67757515232303],[139.73712836683276,35.67730081229819],[139.7371634479184,35.67717658460907],[139.7372536848177,35.676748964577456],[139.73726690265752,35.676702814139276],[139.7375203313469,35.67628338535419],[139.73780198466588,35.67593985655434],[139.73811366716637,35.675563217308635],[139.73821471201933,35.67544111801346],[139.73855675053554,35.67459512125681],[139.73858598499348,35.67452282276926],[139.73876828173437,35.674035450632985],[139.73883471581308,35.67385779932178],[139.73889511747305,35.673829924812765],[139.7391197314723,35.67372619655563],[139.73932417367305,35.6736036856642],[139.74051811756954,35.67290160964126],[139.7414586974816,35.67233351548634],[139.7416934824812,35.67219267808956],[139.74306396906175,35.67137033012863],[139.74328110853443,35.67157217373108],[139.74347786345666,35.6716996387481],[139.74359915542323,35.67176018378657],[139.74374171328458,35.67183130762753],[139.743825538005,35.67185964303321],[139.74411254040686,35.671950168989525],[139.74436844812988,35.67201651645363],[139.7447316295943,35.67208635828095]]]},"properties":{"name":"東京都千代田区永田町"}},
{"type":"Feature","geometry":{"type":"Polygon","coordinates":[[[139.74541573212554,35.68790778507386],[139.74533189179087,35.687318136748985],[139.74534179409252,35.687152447090625],[139.7450848842743,35.68601023276451],[139.74484487464693,35.685203121636505],[139.7446825062263,35.68441279093965],[139.74464206917668,35.684143865015336],[139.74462753326603,35.68389305576282],[139.7446350601248,35.68378429855308],[139.7445359480327,35.68378753468149],[139.74436099947937,35.68380525759053],[139.7443460181541,35.68373771422433],[139.7443094115033,35.68357258898921],[139.74438835702892,35.68311833661644],[139.74445621485327,35.6827570638974],[139.7444770957846,35.68264595761648],[139.74458747894872,35.68231284957076],[139.74550112602057,35.680775063172085],[139.74595691874745,35.68000482830373],[139.7461400723699,35.67989369732004],[139.74700152281846,35.679639468278026],[139.74725634307097,35.67952831697437],[139.74775704203955,35.679157598606835],[139.74836713880273,35.67854942906036],[139.74861312557667,35.67818592211801],[139.74921404286764,35.67764456973157],[139.7495598624077,35.67748893768153],[139.7496781279549,35.6774741958826],[139.75069700983406,35.67736356590953],[139.75136096654742,35.67742338240337],[139.7528977617218,35.67788457359884],[139.75323416372524,35.67804063527651],[139.7535903993167,35.67855891288245],[139.7533695590134,35.67865193129572],[139.75343034700737,35.678755488517666],[139.75351156391673,35.67872652992757],[139.75360025907153,35.67883218229384],[139.75395557229578,35.678710273934826],[139.75397077608392,35.67872890985114],[139.75411798419174,35.67867520660179],[139.75410532833894,35.67864826264925],[139.75478551722225,35.67840445719935],[139.75554120428873,35.67983745646599],[139.75552814821634,35.67986160204617],[139.7546781902699,35.68018188220388],[139.75526794128342,35.681940428408126],[139.7561332517237,35.68181264696181],[139.7564266996079,35.6827443782661],[139.75770217059542,35.68249695726754],[139.75815422140516,35.683551912638585],[139.75978813760344,35.68318117683697],[139.76025498138216,35.684457814148224],[139.76053989154974,35.68532094272254],[139.760820668747,35.68528287452492],[139.76092818544518,35.68566390941164],[139.76098412151822,35.68565429573676],[139.76100084888674,35.68571627494776],[139.76140534991603,35.68722796567179],[139.7613689939371,35.68729501932905],[139.76094746836316,35.68844436386142],[139.76083170459358,35.68875998518007],[139.7606948270253,35.68918020111611],[139.76066318807895,35.68921944021879],[139.75999690736745,35.68934156559856],[139.7599241076842,35.68981385932875],[139.75989015734245,35.689842534561826],[139.7597708814126,35.689943302238746],[139.7588268219797,35.69015369824651],[139.7586907301047,35.690186253468084],[139.7586820060867,35.690185965933374],[139.75824231027013,35.69017062265003],[139.75813684556672,35.69019766823687],[139.75734798359989,35.69026336793644],[139.757305577059,35.69019609093922],[139.75624319523033,35.69056360329541],[139.756227877266,35.69056891066616],[139.75478658714556,35.68996712511357],[139.7544530287153,35.68984244071233],[139.7536505505827,35.6894124949549],[139.75260031674307,35.688878297868264],[139.75208946680777,35.689495708547994],[139.75129173452328,35.689294472662205],[139.75048114959665,35.6888859086952],[139.74950083363834,35.68840936981065],[139.74861502653948,35.688122319357504],[139.748023026442,35.68795261274066],[139.7472293418326,35.68788525570031],[139.74640975224273,35.687815691427865],[139.74541573212554,35.68790778507386]]]},"properties":{"name":"東京都千代田区千代田"}},
{"type":"Feature","geometry":{"type":"Polygon","coordinates":[[[139.74713516039108,35.69128151701708],[139.7460909115729,35.69143230904963],[139.7459140740344,35.69145999740558],[139.74619502051297,35.692870666146455],[139.74493669914295,35.69249783084774],[139.74489245803906,35.692508854637914],[139.7446191603038,35.69242256629141],[139.7441647376248,35.69228396350665],[139.74367976575815,35.69213924398234],[139.74340722886149,35.69207534704454],[139.74246232685095,35.69179211840266],[139.74131835591794,35.69144707632296],[139.74093577928215,35.69133207064113],[139.7405117390737,35.6912063993367],[139.74028894503272,35.691132111050855],[139.74026110118754,35.69112282983519],[139.7394925769803,35.6908894638445],[139.73974704880212,35.690316799368865],[139.73997923965229,35.68978643902396],[139.73998557426975,35.68977193729611],[139.74015033137366,35.68939644804634],[139.74016093763387,35.68936747813167],[139.740373307513,35.68878720997597],[139.74100153616544,35.68901655485775],[139.74158345889512,35.68917417453954],[139.74276950068472,35.68950494999548],[139.74250925507633,35.68885703642297],[139.74226005753334,35.68823666467483],[139.7436955915198,35.68864874210729],[139.74445201000182,35.688845560673975],[139.7447955827849,35.68893302676394],[139.74518891164323,35.68901792414173],[139.74538254478068,35.68902345097731],[139.74557903198718,35.68903792566054],[139.74593131379328,35.68918570903073],[139.74642160412213,35.689294649821115],[139.7467788636924,35.68936183932799],[139.74703650099815,35.689420719516654],[139.74773365872156,35.68954839379472],[139.7479552166986,35.6898806495492],[139.7476705607383,35.69030546352035],[139.74757248156956,35.69051869450705],[139.74742022339834,35.69089117482644],[139.74734088101667,35.69101477515667],[139.74722587543874,35.6911133865385],[139.7471794210671,35.69126197276409],[139.74713516039108,35.69128151701708]]]},"properties":{"name":"東京都千代田区三番町"}},
{"type":"Feature","geometry":{"type":"Polygon","coordinates":[[[139.74901626792482,35.69468266207097],[139.74925729076938,35.694736807212166],[139.74933689305158,35.695010054675],[139.75026771487595,35.69513351156127],[139.75038644885262,35.69488050758619],[139.75041417079026,35.69487461009783],[139.75156969026006,35.69364577262568],[139.7525921498878,35.693485941377084],[139.75264915993293,35.69345478322577],[139.75320151651232,35.69323002173426],[139.75349813572313,35.69347369365674],[139.75360438490335,35.69342489274971],[139.7539036703377,35.69328738575272],[139.7543275012814,35.69313545314812],[139.75481578554798,35.69290831754096],[139.75512904047108,35.692777047741615],[139.75533429282814,35.69269105868317],[139.7554878508797,35.69239476190077],[139.7556621274309,35.692102950858775],[139.7557396982211,35.692014272829724],[139.7561329479031,35.69202206007215],[139.75622454135166,35.69262364260474],[139.7562285812664,35.69274888494878],[139.75594713624315,35.69275380979141],[139.75588242855977,35.693031714203286],[139.75583718304506,35.693222380423755],[139.7557884489425,35.693429135604326],[139.75573947697234,35.693573006634935],[139.75566769089627,35.6937100666134],[139.75552156641152,35.693820143847155],[139.7553396505287,35.69388519871276],[139.75496206211145,35.69399058314285],[139.75436952276024,35.69412504889789],[139.75436382961826,35.69412659551835],[139.7541598495937,35.69418138736803],[139.7540773715282,35.694203550943385],[139.75374903954304,35.69434283467624],[139.75359209578605,35.694439627945144],[139.7533061897703,35.69464812756889],[139.75318544745332,35.69476194956369],[139.75300024930112,35.694975443074284],[139.75294258991315,35.6950984276027],[139.75282340886,35.69536400412255],[139.75277646381323,35.6955626257845],[139.75277276571913,35.69564892193561],[139.75277223601958,35.69566138567619],[139.75237046238263,35.695597034524575],[139.75206228113646,35.695546372073636],[139.75186928996223,35.69552437634204],[139.75144268060797,35.695458491879144],[139.75133142981775,35.695430389089054],[139.75003801408923,35.69525743146299],[139.74934949085696,35.69515928206049],[139.74886746415632,35.69501655689104],[139.7473251620995,35.694573021632905],[139.7472221916661,35.694543405708224],[139.74649425301288,35.69433405547679],[139.74526289481076,35.693984975119285],[139.74390056019553,35.69343487840554],[139.74295491753247,35.693129329815015],[139.7420540495714,35.69284295992632],[139.74199010171785,35.69282858071516],[139.7408808815773,35.69249940683829],[139.74062735087531,35.6924226313046],[139.7400696857319,35.69225379381826],[139.7391141806288,35.691981936652816],[139.73901966155583,35.69196144145992],[139.738240928024,35.69172989020253],[139.7382086660481,35.69172028775172],[139.73639560214198,35.69118020785606],[139.73671634340158,35.69061112381123],[139.7370511262495,35.68998064522298],[139.73717863346494,35.69006827781689],[139.73863637233998,35.69060021599497],[139.73867404520735,35.69061397788204],[139.7388183765349,35.690666623595725],[139.7394925769803,35.6908894638445],[139.74026110118754,35.69112282983519],[139.74028894503272,35.691132111050855],[139.7405117390737,35.6912063993367],[139.74093577928215,35.69133207064113],[139.74131835591794,35.69144707632296],[139.74246232685095,35.69179211840266],[139.74340722886149,35.69207534704454],[139.74367976575815,35.69213924398234],[139.7441647376248,35.69228396350665],[139.7446191603038,35.69242256629141],[139.74489245803906,35.692508854637914],[139.74493669914295,35.69249783084774],[139.74619502051297,35.692870666146455],[139.7459140740344,35.69145999740558],[139.7460909115729,35.69143230904963],[139.74713516039108,35.69128151701708],[139.74716220960318,35.69127759288542],[139.74711870466518,35.69145744876461],[139.74712444780727,35.691625156085685],[139.74716534693692,35.691691485510574],[139.74737492321148,35.69193116672112],[139.74756642959596,35.69212650629763],[139.7476694275263,35.692234074993614],[139.74769445458324,35.69248196909409],[139.74769720783223,35.692884663659264],[139.74769504818082,35.69325975120328],[139.74767488727792,35.69368394327583],[139.74762415647743,35.69397583057916],[139.74758071282486,35.69431905955272],[139.7490415308892,35.69468141243332],[139.74901626792482,35.69468266207097]]]},"properties":{"name":"東京都千代田区九段南"}},
{"type":"Feature","geometry":{"type":"Polygon","coordinates":[[[139.74746066913391,35.69934194741318],[139.74741739286068,35.699223858278906],[139.74775361571173,35.69894699844984],[139.74784681838344,35.698943156267184],[139.74824121735776,35.69876939409617],[139.7485175679682,35.6987861722328],[139.7490618482263,35.698121866533135],[139.74910870485547,35.698002538528094],[139.74941269120754,35.69781547188286],[139.74957455909174,35.697659393907564],[139.7496445997559,35.697591840082346],[139.7498651839451,35.6968902296263],[139.75090541171153,35.69699861676082],[139.75092379407425,35.69701285380038],[139.75088623876823,35.697125147381975],[139.7507363203132,35.69742795250219],[139.75056898958078,35.69762050475696],[139.7501640357605,35.69801767354976],[139.75005246299136,35.6981460412103],[139.75002171278473,35.69823928884591],[139.75036055464685,35.698187025237324],[139.751088625054,35.698088268571254],[139.7512730166016,35.698058360749705],[139.75133715983753,35.698046820052],[139.7515745285672,35.69802342592524],[139.75193577548842,35.69796177275514],[139.75195013535122,35.69795931721729],[139.75234899715704,35.69790427178931],[139.75236362726093,35.69790118272362],[139.752208059806,35.69876631924269],[139.7521987556596,35.69877817856239],[139.75214358728257,35.69889264374284],[139.7520301304464,35.69908153685005],[139.7517462486708,35.69960223634069],[139.75141603271246,35.7002033920616],[139.751272303843,35.7004603602784],[139.75111939696706,35.70075031205803],[139.7509864604192,35.70097714741939],[139.75074126079267,35.70143709906048],[139.7507544061268,35.701572172323],[139.75078718677878,35.70194193050123],[139.75081899700274,35.70233140535487],[139.75084587460896,35.702628733794775],[139.7508468893734,35.7026380654258],[139.75059466989998,35.70266172931081],[139.7504465970212,35.70268613308778],[139.7498062146042,35.70275994858651],[139.74921311797485,35.702841364246844],[139.7473805443266,35.70290760362565],[139.7465220404882,35.70290079201145],[139.7463559631818,35.7028994754052],[139.74588932820194,35.70273097748805],[139.74583719906423,35.70271696131506],[139.74582440846592,35.70271350161051],[139.74542966361923,35.70260469832775],[139.74542203024652,35.70260335513951],[139.7451166280314,35.70254971910404],[139.74498405010155,35.70244043692531],[139.74489960615637,35.70238643371451],[139.74476234585265,35.70230182996897],[139.7443636140281,35.70237484384756],[139.74420476002686,35.70224596466682],[139.74417986625073,35.702225348258644],[139.74377328709983,35.70188883130713],[139.74391415553268,35.70176316635097],[139.74392489165695,35.70175373880487],[139.7438732933892,35.70170063893968],[139.74380153597212,35.70162668090547],[139.74408897460395,35.701459507411386],[139.74420811258506,35.70139209845068],[139.74428112244837,35.70134271871969],[139.74420939384157,35.70125376130916],[139.7438345193326,35.70070104458692],[139.7434898494693,35.70022081090643],[139.74342957179167,35.700136826273905],[139.74376520106907,35.699969126023554],[139.74387845778404,35.7000821981068],[139.74426190421298,35.700725796818986],[139.74440493991375,35.70096719356411],[139.7445051617538,35.7010572633926],[139.74486765503914,35.70137997903594],[139.74499296514463,35.70149154460162],[139.74521601199075,35.70138988122183],[139.7454951764897,35.70128135742132],[139.7458277106585,35.701081678637216],[139.74608215216617,35.70093704572229],[139.74602262552375,35.700854577220746],[139.74591973277452,35.700634900131135],[139.7458820339714,35.70053040625085],[139.74610528408365,35.70046694395159],[139.74609126710425,35.70038158522954],[139.74651483827557,35.700304958120455],[139.7467411820942,35.700273466528195],[139.74690299523468,35.7002414714394],[139.7470583152112,35.700282250546465],[139.74715097715412,35.70020129929635],[139.74705056323066,35.70008584534382],[139.7470701716664,35.69990093861903],[139.74694191266718,35.69970458771277],[139.74706836438023,35.699640385594925],[139.74696684535604,35.699495072990814],[139.74721694689924,35.69941258038727],[139.74746066913391,35.69934194741318]]]},"properties":{"name":"東京都千代田区飯田橋"}},
{"type":"Feature","geometry":{"type":"Polygon","coordinates":[[[139.74757675003227,35.69628526984987],[139.74727026675512,35.69653602610788],[139.7472504266552,35.69653196208958],[139.74722005724036,35.69652574348514],[139.74683435803328,35.69645624485717],[139.7463756188308,35.69635250497923],[139.746378499657,35.696358456978395],[139.74608073675347,35.69629137965073],[139.74503635400828,35.69607496199581],[139.7449661276888,35.696118852261854],[139.74381587408797,35.69582343993078],[139.74354224691913,35.695748169988434],[139.74213263706088,35.695354455373966],[139.74194538691984,35.69529928081399],[139.74141777264023,35.695120050860986],[139.74107144735598,35.69501289087516],[139.73999481112122,35.69466964819369],[139.73993560886007,35.694793892912266],[139.73999366453774,35.694866716949306],[139.73974487462576,35.694979687388745],[139.73921293433537,35.69523359271238],[139.73913193040508,35.6951314569403],[139.73874252407873,35.694596846203005],[139.73865586147065,35.69449501565059],[139.73823151689209,35.6939964005829],[139.73810067324,35.693831446273535],[139.7379536939342,35.693669928606795],[139.7375981099093,35.6932520956834],[139.73757742254,35.69323612957117],[139.73620779654112,35.69220758141942],[139.73577836930747,35.6919484794503],[139.7357418842361,35.691978166264704],[139.735710136091,35.69196324729177],[139.7356147218984,35.69189827971048],[139.73561476263026,35.691864865127656],[139.7354514932762,35.691770405595165],[139.73579693133675,35.69128236177675],[139.73594009685723,35.69114628693089],[139.73604700589735,35.69111834598376],[139.73614511534316,35.69111324934481],[139.73621155624335,35.69112622482543],[139.73639560214198,35.69118020785606],[139.7382086660481,35.69172028775172],[139.738240928024,35.69172989020253],[139.73901966155583,35.69196144145992],[139.7391141806288,35.691981936652816],[139.7400696857319,35.69225379381826],[139.74062735087531,35.6924226313046],[139.7408808815773,35.69249940683829],[139.74199010171785,35.69282858071516],[139.7420540495714,35.69284295992632],[139.74295491753247,35.693129329815015],[139.74390056019553,35.69343487840554],[139.74526289481076,35.693984975119285],[139.74649425301288,35.69433405547679],[139.7472221916661,35.694543405708224],[139.7473251620995,35.694573021632905],[139.74886746415632,35.69501655689104],[139.74934949085696,35.69515928206049],[139.75003801408923,35.69525743146299],[139.75133142981775,35.695430389089054],[139.75144268060797,35.695458491879144],[139.75186928996223,35.69552437634204],[139.75206228113646,35.695546372073636],[139.75237046238263,35.695597034524575],[139.75277223601958,35.69566138567619],[139.75265335158423,35.69628282616839],[139.752561765522,35.69679911429106],[139.7525691769484,35.69680214694907],[139.75252802287886,35.69689475637096],[139.75234899715704,35.69790427178931],[139.75195013535122,35.69795931721729],[139.75193577548842,35.69796177275514],[139.7515745285672,35.69802342592524],[139.75133715983753,35.698046820052],[139.7512730166016,35.698058360749705],[139.751088625054,35.698088268571254],[139.75036055464685,35.698187025237324],[139.75002171278473,35.69823928884591],[139.75005246299136,35.6981460412103],[139.7501640357605,35.69801767354976],[139.75056898958078,35.69762050475696],[139.7507363203132,35.69742795250219],[139.75088623876823,35.697125147381975],[139.75092379407425,35.69701285380038],[139.75090541171153,35.69699861676082],[139.7498651839451,35.6968902296263],[139.74872736205117,35.69676588558675],[139.74851505444937,35.69636519139269],[139.74757675003227,35.69628526984987]]]},"properties":{"name":"東京都千代田区九段北"}},
{"type":"Feature","geometry":{"type":"Polygon","coordinates":[[[139.76025498138216,35.684457814148224],[139.7626985286218,35.684134007033634],[139.7625670155018,35.68355994007575],[139.76213380772003,35.68220431962917],[139.76170040203883,35.68091943422686],[139.76132168178907,35.679856682947616],[139.76096951056135,35.67883799364737],[139.7608638466991,35.67852019704618],[139.76056638917606,35.677723678954486],[139.76045958379981,35.67744496492469],[139.7600967146365,35.676412569974204],[139.76157112604378,35.676107378149275],[139.76273670846018,35.675833148903905],[139.76365802359754,35.67560154724826],[139.76417742451738,35.67547466945937],[139.76427057386996,35.675449407002695],[139.7652442194979,35.675223633372546],[139.76527180287988,35.67526375182749],[139.765527722532,35.67563504348733],[139.76559800710677,35.675737014487545],[139.7657483763423,35.67596237120783],[139.76581092934535,35.67598286288086],[139.766644415728,35.67722510527603],[139.76669882464773,35.677306188392635],[139.76679276422118,35.67743644594196],[139.76682787513292,35.677435585593855],[139.76687005907883,35.6774662058852],[139.76689346193209,35.67752744886911],[139.766888857667,35.677537938278014],[139.7668802002968,35.67755768612769],[139.7669914141541,35.677711896142064],[139.76701526628827,35.67769972635742],[139.76701904310326,35.67770539715334],[139.76702415961688,35.67770339442139],[139.76726185005612,35.67806921268234],[139.76723569500618,35.67808074758796],[139.76752527512667,35.678525182873614],[139.76753053668008,35.6785227926072],[139.76775369463496,35.67887575075884],[139.76784347595537,35.67901354088431],[139.76802520347582,35.6792994022522],[139.76878165865406,35.68048293042792],[139.7690576768401,35.6809090112403],[139.76932697816864,35.68129054749642],[139.76942958467606,35.681459714603555],[139.76966100620473,35.681734227318145],[139.76966525908645,35.681739264628504],[139.76959829460597,35.681779579961336],[139.76967533876967,35.68192567083283],[139.769785435622,35.68185333810539],[139.76985031740966,35.681956325179996],[139.7698755384609,35.68198264049861],[139.77017332936694,35.682459749693045],[139.7700991766362,35.68249428643515],[139.7700991633804,35.68251171534204],[139.77012064776622,35.682550352193225],[139.77020876867454,35.68252726567736],[139.77064286073443,35.68340833609245],[139.77064657275955,35.68341587349043],[139.77059669936457,35.683480245944125],[139.77057592655,35.68351407257771],[139.77056894926267,35.68351603933351],[139.77055879276546,35.68352913275733],[139.77058717516485,35.68363364983497],[139.7705974843677,35.68367157589698],[139.77053856321083,35.683686369091],[139.77052300350022,35.683651961037505],[139.76950274038205,35.68387806900278],[139.76906276912126,35.68397557748989],[139.76887757435944,35.68400815304794],[139.76829396615713,35.6841284674184],[139.76761232191396,35.68428129460854],[139.766367163896,35.684545208413184],[139.76573431625397,35.68467925035296],[139.76562601402867,35.68470306129577],[139.76451324122505,35.68494354592947],[139.76300060509647,35.68528128264674],[139.76100084888674,35.68571627494776],[139.76098412151822,35.68565429573676],[139.76092818544518,35.68566390941164],[139.760820668747,35.68528287452492],[139.76053989154974,35.68532094272254],[139.76025498138216,35.684457814148224]]]},"properties":{"name":"東京都千代田区丸の内"}},
{"type":"Feature","geometry":{"type":"Polygon","coordinates":[[[139.75441573165426,35.697560166554275],[139.75397813438084,35.69737552097944],[139.75361905254604,35.69722398966488],[139.75320120720335,35.69704833278532],[139.75319629423865,35.69704628702197],[139.7525717899485,35.69678824152042],[139.7525691769484,35.69680214694907],[139.752561765522,35.69679911429106],[139.75265335158423,35.69628282616839],[139.75277223601958,35.69566138567619],[139.75277276571913,35.69564892193561],[139.75277646381323,35.6955626257845],[139.75282340886,35.69536400412255],[139.75294258991315,35.6950984276027],[139.75300024930112,35.694975443074284],[139.75318544745332,35.69476194956369],[139.7533061897703,35.69464812756889],[139.75359209578605,35.694439627945144],[139.75374903954304,35.69434283467624],[139.7540773715282,35.694203550943385],[139.7541598495937,35.69418138736803],[139.75436382961826,35.69412659551835],[139.75436952276024,35.69412504889789],[139.75496206211145,35.69399058314285],[139.7553396505287,35.69388519871276],[139.75552156641152,35.693820143847155],[139.75566769089627,35.6937100666134],[139.75573947697234,35.693573006634935],[139.7557884489425,35.693429135604326],[139.75583718304506,35.693222380423755],[139.75611569329803,35.69329745041623],[139.75610175113812,35.69340666209886],[139.75605476472285,35.69356152041189],[139.75598949251594,35.69374717393023],[139.75582903580656,35.694123320871135],[139.7557552335761,35.694834122145835],[139.7563488867759,35.694857284295374],[139.7571061011412,35.694879878345],[139.75751341434741,35.69489883075709],[139.75824896261418,35.6949255231668],[139.75831232584204,35.6949254562948],[139.75833304098217,35.69482455837237],[139.75836786409204,35.694654904673406],[139.75837354864933,35.69462814928917],[139.75839248890153,35.69453911579642],[139.75841580739447,35.694429452700355],[139.7584764567405,35.69414418477409],[139.75854214633242,35.69383526081259],[139.75903419189495,35.693831657040796],[139.7591036075784,35.69383113648989],[139.75965131019834,35.69382710741137],[139.75966316448023,35.69382700922835],[139.76022298290877,35.693823831716266],[139.7602303531967,35.69382372984441],[139.76065765189097,35.693817898813975],[139.76067042756262,35.69381797595525],[139.76111687812266,35.69382025278492],[139.7611284543388,35.69384194848408],[139.76115238075585,35.69413314732497],[139.76117645846753,35.69440117836195],[139.76118293200352,35.69446857307899],[139.7612012210833,35.6946510760622],[139.76121474159868,35.69477861432226],[139.76123008106927,35.694923158843174],[139.76125134758718,35.6951351693916],[139.76127865540406,35.69543886874438],[139.76128576628625,35.695517037702416],[139.76127057345843,35.6955282253471],[139.76099145484955,35.695733681475396],[139.7606157226576,35.695986576727],[139.76055944613628,35.696017562190626],[139.76053070526248,35.69605708496254],[139.76047864830187,35.696116346092616],[139.76010935361677,35.69653677047586],[139.75997414257637,35.696690729381004],[139.75996492370678,35.69670121653487],[139.7599244896341,35.69674721009397],[139.7597912420163,35.69693176772116],[139.7596082271395,35.69718526974637],[139.75939639580966,35.697491780078074],[139.75939138109268,35.697499030268986],[139.75916123820184,35.69783528057719],[139.75910695758986,35.69791186320083],[139.75902999224718,35.698020401437866],[139.75886143021458,35.69826866587723],[139.7587232385845,35.69843645967974],[139.75871617838823,35.69844501196894],[139.75843035954995,35.698759677949184],[139.75812240785555,35.699072359071074],[139.7578939929792,35.69898359321833],[139.75751545708206,35.698832130975326],[139.75747929105225,35.698819186249445],[139.75728166308858,35.69874350207127],[139.7567553287955,35.69852906029913],[139.75671074806468,35.69850948946278],[139.75642171009395,35.698393994584364],[139.75622062225057,35.6983102076563],[139.7559198273009,35.69818671071818],[139.75567487387414,35.69809152214749],[139.75507312682512,35.69783554702328],[139.75505089819845,35.69782912387486],[139.75444918490396,35.6975753990085],[139.75441573165426,35.697560166554275]]]},"properties":{"name":"東京都千代田区神田神保町"}},
{"type":"Feature","geometry":{"type":"Polygon","coordinates":[[[139.75616320140742,35.67072032426801],[139.7575644469696,35.67302058556001],[139.75763502237018,35.67308045200048],[139.75891004480496,35.67431605215434],[139.75920195306946,35.67460836685928],[139.75960073700483,35.67498669392756],[139.75963443859322,35.67503991701851],[139.75935049706942,35.67529557707508],[139.757596779251,35.676014529075],[139.7558784441996,35.67672801842104],[139.7559657380919,35.67684986571374],[139.7558869118473,35.67686787766099],[139.75391681318834,35.67372669583276],[139.75288724849648,35.672102315612364],[139.75289976787613,35.67206433211194],[139.75416356249772,35.67154050737683],[139.75616320140742,35.67072032426801]]]},"properties":{"name":"東京都千代田区日比谷公園"}},
{"type":"Feature","geometry":{"type":"Polygon","coordinates":[[[139.76004104532882,35.672191693146004],[139.76039840626584,35.67207645698752],[139.7605093399035,35.6722195463495],[139.76055181062446,35.672274076984635],[139.7605826055579,35.672313636002286],[139.76066985747406,35.67238921358194],[139.76077356860793,35.67244909823209],[139.7609102313225,35.67253262752274],[139.7626621468466,35.67296424783851],[139.7626781255452,35.67296820070415],[139.7635389000157,35.67321717772684],[139.76380584717776,35.673317679823846],[139.76393036217962,35.67339493145674],[139.76405471679914,35.67350873074254],[139.76414155278027,35.67361497380621],[139.76416418351852,35.67364266157918],[139.76466355406464,35.67437770569338],[139.76471862724728,35.674458789202404],[139.7652442194979,35.675223633372546],[139.76427057386996,35.675449407002695],[139.76417742451738,35.67547466945937],[139.76365802359754,35.67560154724826],[139.76273670846018,35.675833148903905],[139.76157112604378,35.676107378149275],[139.7600967146365,35.676412569974204],[139.75979244032555,35.675658050593434],[139.75967387291016,35.67521211634912],[139.75963443859322,35.67503991701851],[139.75960073700483,35.67498669392756],[139.75920195306946,35.67460836685928],[139.75891004480496,35.67431605215434],[139.75763502237018,35.67308045200048],[139.75932987514045,35.67246888788334],[139.7599809633867,35.672216268516046],[139.76004104532882,35.672191693146004]]]},"properties":{"name":"東京都千代田区有楽町"}},
{"type":"Feature","geometry":{"type":"Polygon","coordinates":[[[139.77521548222884,35.69097233450817],[139.77659310638626,35.6914466731539],[139.77661357629836,35.69145478166915],[139.77753458796138,35.691845549287066],[139.77756712411562,35.691859366225856],[139.778403045799,35.69221206212031],[139.77869999302786,35.69232757963474],[139.77876503012905,35.69235289001102],[139.77954795060936,35.69290913553837],[139.77977150711004,35.69306482728689],[139.77978687760162,35.69307553791241],[139.7799523835295,35.69319078326348],[139.77978812508726,35.69336049056557],[139.7792585863197,35.69386005360878],[139.77904153765533,35.6940996984419],[139.7790295720377,35.69413088845224],[139.778930858114,35.69438815619489],[139.77867302863697,35.694888157278534],[139.77856681620983,35.69516292055059],[139.77844623448493,35.695414402936734],[139.77862492083972,35.69541180850804],[139.77850473620063,35.69566727066954],[139.77833068444306,35.696037209698325],[139.77813623659387,35.69646822843296],[139.77829178668978,35.69647414350265],[139.77831031823354,35.696854979959745],[139.77802791154738,35.69685629407612],[139.7777147553465,35.69685776904371],[139.77740246696018,35.69685875055332],[139.77670735738948,35.696890112959125],[139.7766107453295,35.696890067318],[139.77622079078765,35.69688981200226],[139.77535514905892,35.69691027700693],[139.7753546660117,35.696532933074685],[139.77522651003238,35.69552340794647],[139.77514529316642,35.694868889741215],[139.7751248859427,35.69478448286908],[139.77505725897356,35.69419715142682],[139.77506445168652,35.69418916248984],[139.77494335317522,35.693473923138384],[139.77492022035682,35.693468172834265],[139.77483979596403,35.692952557672584],[139.77474494640057,35.69233584767079],[139.77474730167117,35.692330427088734],[139.77477979808188,35.692256080042725],[139.77475314963283,35.692156282716915],[139.7749089893929,35.691733102104344],[139.77492086192535,35.69170571529375],[139.77501484126432,35.69148904496427],[139.77501787385594,35.6914820401004],[139.77513261561083,35.69118615756444],[139.77521548222884,35.69097233450817]]]},"properties":{"name":"東京都千代田区岩本町"}},
{"type":"Feature","geometry":{"type":"Polygon","coordinates":[[[139.77492086192535,35.69170571529375],[139.7749089893929,35.691733102104344],[139.77349615505278,35.691317844610275],[139.7736165085412,35.69103045169039],[139.77362975266638,35.69099545992394],[139.77476486376318,35.691360970675724],[139.77501484126432,35.69148904496427],[139.77492086192535,35.69170571529375]]]},"properties":{"name":"東京都千代田区神田西福田町"}},
{"type":"Feature","geometry":{"type":"Polygon","coordinates":[[[139.77492022035682,35.693468172834265],[139.7743642929515,35.693305935911376],[139.77453538234195,35.69286346857042],[139.77469093607093,35.69245944398919],[139.77474494640057,35.69233584767079],[139.77483979596403,35.692952557672584],[139.77492022035682,35.693468172834265]]]},"properties":{"name":"東京都千代田区神田東紺屋町"}},
{"type":"Feature","geometry":{"type":"Polygon","coordinates":[[[139.77453538234195,35.69286346857042],[139.77301482772125,35.69243618093165],[139.77317458379065,35.69203589101156],[139.77469093607093,35.69245944398919],[139.77453538234195,35.69286346857042]]]},"properties":{"name":"東京都千代田区神田北乗物町"}},
{"type":"Feature","geometry":{"type":"Polygon","coordinates":[[[139.77430183120603,35.693392344619355],[139.7740890411013,35.693927744709434],[139.7739781513631,35.69418922745228],[139.77340579202516,35.69403194188824],[139.772463947532,35.693773556164835],[139.77256284695895,35.693505941101655],[139.77278042709526,35.692979278354976],[139.77430183120603,35.693392344619355]]]},"properties":{"name":"東京都千代田区神田富山町"}},
{"type":"Feature","geometry":{"type":"Polygon","coordinates":[[[139.77024422540796,35.69287593245441],[139.7706456084295,35.69298487057565],[139.77108322185344,35.69309438952736],[139.77133074618703,35.693156312019646],[139.77133790377638,35.693173004580764],[139.77146146528025,35.69347861921186],[139.77150111382792,35.693669017963096],[139.77153005057176,35.6939632453636],[139.77156298475094,35.694388314918676],[139.77156688709363,35.69451746607147],[139.77125499255013,35.694430301233595],[139.7712519401851,35.69443522924399],[139.77064762112474,35.69427520394227],[139.77063922808253,35.6942586855635],[139.77017969447078,35.694144470814685],[139.77017525424665,35.69414644067336],[139.76977219647057,35.694030880414395],[139.7697751528804,35.69402440293678],[139.76991188499034,35.69367952568227],[139.76995475396686,35.69357148944674],[139.77024422540796,35.69287593245441]]]},"properties":{"name":"東京都千代田区神田鍛冶町"}},
{"type":"Feature","geometry":{"type":"Polygon","coordinates":[[[139.77024422540796,35.69287593245441],[139.76973701995252,35.692740494377425],[139.76929406676857,35.69262586235113],[139.768998216195,35.69253451072034],[139.76840506019602,35.69238768352247],[139.76815373772754,35.69230645916783],[139.76761327430148,35.6921673336633],[139.76742901692464,35.69218532941764],[139.76705530895512,35.69223043816833],[139.7669648640163,35.69224834526931],[139.7665871063017,35.692257677671414],[139.76612604312507,35.692329600231076],[139.76551486822783,35.69237157932878],[139.764811059058,35.69244723260675],[139.76479854734816,35.69243448010143],[139.7647071174429,35.69194416678667],[139.7646469220877,35.69163171593558],[139.76463011997373,35.69154456192851],[139.7645523678583,35.69121513088365],[139.7645212320332,35.69091614682191],[139.764488212629,35.69087919247523],[139.7644399307996,35.69059343786182],[139.76436089904323,35.6902286911642],[139.76434104741116,35.690137062754324],[139.7643722927501,35.69007669615213],[139.7642023241384,35.68926691520924],[139.76511079945797,35.68912793332803],[139.76669604806602,35.688853377371764],[139.7681386605193,35.688594990115206],[139.76813125815605,35.688602767625255],[139.7687984030628,35.688837343626965],[139.76880958938366,35.68884115251892],[139.76964066652215,35.689124329910335],[139.76965480622147,35.689152540383326],[139.769751005904,35.68938818069718],[139.76975556164675,35.6893993438756],[139.76976569655676,35.68942417297745],[139.77014777459493,35.69036017988065],[139.7701698531863,35.690386070737176],[139.77018794356547,35.6904818156746],[139.77030272878957,35.69082950199246],[139.77036843202444,35.69114638877668],[139.77037471638263,35.691217868912354],[139.77052700773535,35.69161324811775],[139.77064490883623,35.69189734675789],[139.77091852652916,35.69244221967371],[139.77117543369545,35.69288726289558],[139.77133074618703,35.693156312019646],[139.77108322185344,35.69309438952736],[139.7706456084295,35.69298487057565],[139.77024422540796,35.69287593245441]]]},"properties":{"name":"東京都千代田区内神田"}},
{"type":"Feature","geometry":{"type":"MultiPolygon","coordinates":[[[[139.7743642929515,35.693305935911376],[139.77430183120603,35.693392344619355],[139.77278042709526,35.692979278354976],[139.77285218646986,35.692811504858774],[139.77301482772125,35.69243618093165],[139.77453538234195,35.69286346857042],[139.7743642929515,35.693305935911376]]],[[[139.7749089893929,35.691733102104344],[139.77475314963283,35.692156282716915],[139.77477979808188,35.692256080042725],[139.77474730167117,35.692330427088734],[139.77474494640057,35.69233584767079],[139.77469093607093,35.69245944398919],[139.77317458379065,35.69203589101156],[139.77349615505278,35.691317844610275],[139.7749089893929,35.691733102104344]]]]},"properties":{"name":"東京都千代田区神田紺屋町"}},
{"type":"Feature","geometry":{"type":"Polygon","coordinates":[[[139.7799523835295,35.69319078326348],[139.7799716049406,35.69317220113195],[139.7802749788789,35.69287896887735],[139.78029292306732,35.69286161829984],[139.78039257437987,35.69292901896478],[139.78043318052957,35.69295646465231],[139.7811629420136,35.69350112737882],[139.78118143498935,35.69351454959289],[139.7822042859476,35.69425654229988],[139.78221166318062,35.69426189686788],[139.78274810913322,35.694648621047925],[139.78280777618238,35.69469163784309],[139.78287271891116,35.69510368804986],[139.78287879011776,35.69514213930005],[139.78278158713277,35.69514921188041],[139.78257242366024,35.69516447365421],[139.7822447420013,35.69518834759044],[139.78165510598524,35.69523467629807],[139.78170856274423,35.69578872452209],[139.78171163215922,35.69582069552434],[139.78174623435464,35.69629822301407],[139.78268293415022,35.69617619892864],[139.78273337693372,35.696637959599975],[139.78276982169473,35.69697162113173],[139.7827713802428,35.69698943729382],[139.78279182064662,35.69722408326965],[139.78279266739847,35.697233730949485],[139.78281220861112,35.69745795403204],[139.78281415323403,35.69748020777998],[139.78282747466275,35.697636473330896],[139.78232123651517,35.6976777364731],[139.7817520950864,35.69772414522973],[139.78125423974646,35.6977759706386],[139.78073374602508,35.69783017721962],[139.78017234354357,35.69788862512649],[139.78014302398614,35.69777541304924],[139.7801334663268,35.69769946142222],[139.78006170514124,35.697129279685804],[139.7800478970249,35.696844602840976],[139.77895913527473,35.69684865709005],[139.77889460182257,35.6968489090447],[139.77831031823354,35.696854979959745],[139.77829178668978,35.69647414350265],[139.77813623659387,35.69646822843296],[139.77833068444306,35.696037209698325],[139.77850473620063,35.69566727066954],[139.77862492083972,35.69541180850804],[139.77844623448493,35.695414402936734],[139.77856681620983,35.69516292055059],[139.77867302863697,35.694888157278534],[139.778930858114,35.69438815619489],[139.7790295720377,35.69413088845224],[139.77904153765533,35.6940996984419],[139.7792585863197,35.69386005360878],[139.77978812508726,35.69336049056557],[139.7799523835295,35.69319078326348]]]},"properties":{"name":"東京都千代田区東神田"}},
{"type":"Feature","geometry":{"type":"Polygon","coordinates":[[[139.76977219647057,35.694030880414395],[139.76955265128427,35.694512010447205],[139.7695494072819,35.69453447355239],[139.76945796346462,35.69477247654737],[139.7693086760105,35.69512674782245],[139.7688247192624,35.69498966419211],[139.76881908234694,35.69498733652842],[139.76837078944612,35.694803617231415],[139.76836244138184,35.694799246477],[139.7684089429861,35.694405696862674],[139.76843184852777,35.694198852202966],[139.76843352350315,35.69418931121306],[139.76852571454162,35.69366508854758],[139.76867358533048,35.693289831767416],[139.768998216195,35.69253451072034],[139.76929406676857,35.69262586235113],[139.76973701995252,35.692740494377425],[139.77024422540796,35.69287593245441],[139.76995475396686,35.69357148944674],[139.76991188499034,35.69367952568227],[139.7697751528804,35.69402440293678],[139.76977219647057,35.694030880414395]]]},"properties":{"name":"東京都千代田区神田多町"}},
{"type":"Feature","geometry":{"type":"Polygon","coordinates":[[[139.768998216195,35.69253451072034],[139.76867358533048,35.693289831767416],[139.76852571454162,35.69366508854758],[139.76843352350315,35.69418931121306],[139.76843184852777,35.694198852202966],[139.7684089429861,35.694405696862674],[139.76836244138184,35.694799246477],[139.7677628334594,35.694561430130136],[139.76745241882043,35.69443827272375],[139.76696655281305,35.694282095978814],[139.76642827417143,35.694127226601225],[139.7664047082733,35.69385648541574],[139.76634594402984,35.69345206953475],[139.76633970745783,35.693432031318004],[139.7662422007368,35.69287161356684],[139.7662036162346,35.69264385561131],[139.76612604312507,35.692329600231076],[139.7665871063017,35.692257677671414],[139.7669648640163,35.69224834526931],[139.76705530895512,35.69223043816833],[139.76742901692464,35.69218532941764],[139.76761327430148,35.6921673336633],[139.76815373772754,35.69230645916783],[139.76840506019602,35.69238768352247],[139.768998216195,35.69253451072034]]]},"properties":{"name":"東京都千代田区神田司町"}},
{"type":"Feature","geometry":{"type":"Polygon","coordinates":[[[139.76100084888674,35.68571627494776],[139.76300060509647,35.68528128264674],[139.76451324122505,35.68494354592947],[139.76562601402867,35.68470306129577],[139.76573431625397,35.68467925035296],[139.766367163896,35.684545208413184],[139.76761232191396,35.68428129460854],[139.76829396615713,35.6841284674184],[139.76887757435944,35.68400815304794],[139.76906276912126,35.68397557748989],[139.76950274038205,35.68387806900278],[139.77052300350022,35.683651961037505],[139.77053856321083,35.683686369091],[139.7705974843677,35.68367157589698],[139.7706500758111,35.6838287799119],[139.77080957514832,35.68379087196566],[139.77081207767273,35.68379809144695],[139.7708635933081,35.683946844458426],[139.77099625238628,35.684329925724164],[139.77085924861748,35.68436612036927],[139.77089548617923,35.68447194573483],[139.7709120460393,35.68463335473328],[139.77096511306533,35.68483612044926],[139.77092489960688,35.68506876596008],[139.77081444644756,35.68529267850074],[139.77081161550268,35.68529901456689],[139.77045308503213,35.68610006142346],[139.77043329569662,35.68614423986389],[139.7702719956967,35.68639442629192],[139.76957595419645,35.687223355010175],[139.76951685316536,35.68729332045509],[139.76907356136462,35.687766515428656],[139.76859014565787,35.688199828470495],[139.76841034588656,35.688446693338705],[139.76838903719346,35.68854114902175],[139.7681386605193,35.688594990115206],[139.76669604806602,35.688853377371764],[139.76511079945797,35.68912793332803],[139.7642023241384,35.68926691520924],[139.76396417665921,35.68939282902746],[139.7637365769925,35.68954698568406],[139.76350617089614,35.68975254807647],[139.7633306553678,35.689893284879936],[139.76317841698227,35.690042343843714],[139.76314816849305,35.690071973111316],[139.7630226711597,35.69013513617111],[139.76281209280071,35.69019923525979],[139.7622914415696,35.69031807857921],[139.76205012816843,35.690377616136416],[139.76184726676462,35.69047470912011],[139.76157530730438,35.69074326761034],[139.7612050705668,35.691044266226996],[139.76095228675956,35.69118019830815],[139.76087049498793,35.69121095776839],[139.76081518034255,35.69123233188762],[139.76053441347312,35.69127423788967],[139.76021064560587,35.69127087193601],[139.75968141233105,35.69127252066349],[139.7591645890619,35.69126392816578],[139.75893138834675,35.69126836149642],[139.7589291819808,35.691244311611555],[139.7588944038008,35.690872898186726],[139.75883344139132,35.69022412179738],[139.7588268219797,35.69015369824651],[139.7597708814126,35.689943302238746],[139.75989015734245,35.689842534561826],[139.7599241076842,35.68981385932875],[139.75999690736745,35.68934156559856],[139.76066318807895,35.68921944021879],[139.7606948270253,35.68918020111611],[139.76083170459358,35.68875998518007],[139.76094746836316,35.68844436386142],[139.7613689939371,35.68729501932905],[139.76140534991603,35.68722796567179],[139.76100084888674,35.68571627494776]]]},"properties":{"name":"東京都千代田区大手町"}},
{"type":"Feature","geometry":{"type":"Polygon","coordinates":[[[139.76745241882043,35.69443827272375],[139.76744484051702,35.6947636069611],[139.7674453860352,35.694816140859345],[139.7674513363219,35.695397033087595],[139.76743325040692,35.69539748104392],[139.76726894574094,35.69533172411465],[139.76703975741574,35.695240017671054],[139.76679358509318,35.69566377059648],[139.76655479934703,35.695568149560266],[139.76627717325707,35.69546475909279],[139.7662554678463,35.69545668421275],[139.76614430221392,35.69542014450074],[139.7656828090642,35.69524038658552],[139.76565152107932,35.69522857362943],[139.76560454348328,35.69544885407862],[139.76556904824267,35.69546105206799],[139.76548755875407,35.69549237719931],[139.7651600305542,35.695618242315305],[139.7650589913504,35.6956012499241],[139.76505681846982,35.695612127294694],[139.76446451821673,35.695594817602306],[139.76406214490692,35.69557898765773],[139.76405048409427,35.69557993186332],[139.76373797991724,35.69556897685037],[139.763730042898,35.695568726170286],[139.7634328274356,35.69557189735549],[139.7633946602215,35.69618867790586],[139.76335932237893,35.696190699778455],[139.7631944139899,35.69626214939497],[139.76316607090016,35.69626410409466],[139.76286645482963,35.69637258538195],[139.7628387510113,35.696382604006295],[139.76264032403935,35.69645445675235],[139.76258780656406,35.696474986837174],[139.7623049452596,35.69657611780242],[139.76223291828427,35.69660188391667],[139.7616915682533,35.69679852445783],[139.7616792995597,35.69680429217537],[139.76159312791088,35.69684480209342],[139.7612598866738,35.69690107719573],[139.7610042724862,35.69689183919282],[139.7607183150925,35.69703620205362],[139.7606888728964,35.69689647249279],[139.76003185514898,35.696730833103274],[139.75997414257637,35.696690729381004],[139.76010935361677,35.69653677047586],[139.76047864830187,35.696116346092616],[139.76053070526248,35.69605708496254],[139.76055944613628,35.696017562190626],[139.7606157226576,35.695986576727],[139.76099145484955,35.695733681475396],[139.76127057345843,35.6955282253471],[139.76128576628625,35.695517037702416],[139.76127865540406,35.69543886874438],[139.76125134758718,35.6951351693916],[139.76123008106927,35.694923158843174],[139.76121474159868,35.69477861432226],[139.7612012210833,35.6946510760622],[139.76118293200352,35.69446857307899],[139.76117645846753,35.69440117836195],[139.76115238075585,35.69413314732497],[139.7611284543388,35.69384194848408],[139.76160004930838,35.693836210157585],[139.7621337853413,35.69382733855665],[139.76273540079006,35.69382512419455],[139.76278022345386,35.69405038640625],[139.7627841991799,35.69407700796802],[139.76388226607722,35.69398409636937],[139.76387935827972,35.69394606773294],[139.76390903000782,35.693943796328156],[139.76460677737623,35.69389057375921],[139.76508614026076,35.69385338376802],[139.76513196535143,35.6938381992206],[139.76526683140884,35.69383521295145],[139.76597501236427,35.6940329980338],[139.76600357120006,35.69403892974977],[139.76642827417143,35.694127226601225],[139.76696655281305,35.694282095978814],[139.76745241882043,35.69443827272375]]]},"properties":{"name":"東京都千代田区神田小川町"}},
{"type":"Feature","geometry":{"type":"Polygon","coordinates":[[[139.76612604312507,35.692329600231076],[139.7662036162346,35.69264385561131],[139.7662422007368,35.69287161356684],[139.76633970745783,35.693432031318004],[139.76634594402984,35.69345206953475],[139.7664047082733,35.69385648541574],[139.76642827417143,35.694127226601225],[139.76600357120006,35.69403892974977],[139.76597501236427,35.6940329980338],[139.76526683140884,35.69383521295145],[139.76513196535143,35.6938381992206],[139.76506735810423,35.693584511805085],[139.76505013810157,35.69357541891047],[139.7649375666642,35.69304611589922],[139.76485958959324,35.69272957185871],[139.764811059058,35.69244723260675],[139.76551486822783,35.69237157932878],[139.76612604312507,35.692329600231076]]]},"properties":{"name":"東京都千代田区神田美土代町"}},
{"type":"Feature","geometry":{"type":"Polygon","coordinates":[[[139.764811059058,35.69244723260675],[139.76485958959324,35.69272957185871],[139.7649375666642,35.69304611589922],[139.76505013810157,35.69357541891047],[139.76506735810423,35.693584511805085],[139.76513196535143,35.6938381992206],[139.76508614026076,35.69385338376802],[139.76460677737623,35.69389057375921],[139.76390903000782,35.693943796328156],[139.76387935827972,35.69394606773294],[139.76388226607722,35.69398409636937],[139.7627841991799,35.69407700796802],[139.76278022345386,35.69405038640625],[139.76273540079006,35.69382512419455],[139.7621337853413,35.69382733855665],[139.76160004930838,35.693836210157585],[139.7611284543388,35.69384194848408],[139.76111687812266,35.69382025278492],[139.76067042756262,35.69381797595525],[139.76065765189097,35.693817898813975],[139.7602303531967,35.69382372984441],[139.76022298290877,35.693823831716266],[139.75966316448023,35.69382700922835],[139.75965131019834,35.69382710741137],[139.7591036075784,35.69383113648989],[139.75903419189495,35.693831657040796],[139.75854214633242,35.69383526081259],[139.7585483667211,35.693806075659424],[139.75874872884657,35.692865573129595],[139.75875676060198,35.6928262838383],[139.75887769652792,35.692234765145926],[139.75897393214723,35.69166139901298],[139.75895795024732,35.69155780293716],[139.75893138834675,35.69126836149642],[139.7591645890619,35.69126392816578],[139.75968141233105,35.69127252066349],[139.76021064560587,35.69127087193601],[139.76053441347312,35.69127423788967],[139.76081518034255,35.69123233188762],[139.76087049498793,35.69121095776839],[139.76095228675956,35.69118019830815],[139.7612050705668,35.691044266226996],[139.76157530730438,35.69074326761034],[139.76184726676462,35.69047470912011],[139.76205012816843,35.690377616136416],[139.7622914415696,35.69031807857921],[139.76281209280071,35.69019923525979],[139.7630226711597,35.69013513617111],[139.76314816849305,35.690071973111316],[139.76317841698227,35.690042343843714],[139.7633306553678,35.689893284879936],[139.76350617089614,35.68975254807647],[139.7637365769925,35.68954698568406],[139.76396417665921,35.68939282902746],[139.7642023241384,35.68926691520924],[139.7643722927501,35.69007669615213],[139.76434104741116,35.690137062754324],[139.76436089904323,35.6902286911642],[139.7644399307996,35.69059343786182],[139.764488212629,35.69087919247523],[139.7645212320332,35.69091614682191],[139.7645523678583,35.69121513088365],[139.76463011997373,35.69154456192851],[139.7646469220877,35.69163171593558],[139.7647071174429,35.69194416678667],[139.76479854734816,35.69243448010143],[139.764811059058,35.69244723260675]]]},"properties":{"name":"東京都千代田区神田錦町"}},
{"type":"Feature","geometry":{"type":"Polygon","coordinates":[[[139.75624319523033,35.69056360329541],[139.757305577059,35.69019609093922],[139.75734798359989,35.69026336793644],[139.75813684556672,35.69019766823687],[139.75824231027013,35.69017062265003],[139.7586820060867,35.690185965933374],[139.7586907301047,35.690186253468084],[139.7588268219797,35.69015369824651],[139.75883344139132,35.69022412179738],[139.7588944038008,35.690872898186726],[139.7589291819808,35.691244311611555],[139.75893138834675,35.69126836149642],[139.75895795024732,35.69155780293716],[139.75897393214723,35.69166139901298],[139.75887769652792,35.692234765145926],[139.75875676060198,35.6928262838383],[139.75874872884657,35.692865573129595],[139.7585483667211,35.693806075659424],[139.75854214633242,35.69383526081259],[139.7584764567405,35.69414418477409],[139.75841580739447,35.694429452700355],[139.75839248890153,35.69453911579642],[139.75837354864933,35.69462814928917],[139.75836786409204,35.694654904673406],[139.75833304098217,35.69482455837237],[139.75831232584204,35.6949254562948],[139.75824896261418,35.6949255231668],[139.75751341434741,35.69489883075709],[139.7571061011412,35.694879878345],[139.7563488867759,35.694857284295374],[139.7557552335761,35.694834122145835],[139.75582903580656,35.694123320871135],[139.75598949251594,35.69374717393023],[139.75605476472285,35.69356152041189],[139.75610175113812,35.69340666209886],[139.75611569329803,35.69329745041623],[139.75583718304506,35.693222380423755],[139.75588242855977,35.693031714203286],[139.75594713624315,35.69275380979141],[139.7562285812664,35.69274888494878],[139.75622454135166,35.69262364260474],[139.7561329479031,35.69202206007215],[139.7557396982211,35.692014272829724],[139.75581358061424,35.69186143926075],[139.75568458607117,35.69181375398661],[139.75569761143012,35.69178460761226],[139.75624319523033,35.69056360329541]]]},"properties":{"name":"東京都千代田区一ツ橋"}},
{"type":"Feature","geometry":{"type":"Polygon","coordinates":[[[139.75323416372524,35.67804063527651],[139.75328517350408,35.6780005654358],[139.75350729297452,35.6778882533702],[139.7558869118473,35.67686787766099],[139.7559657380919,35.67684986571374],[139.7558784441996,35.67672801842104],[139.757596779251,35.676014529075],[139.75935049706942,35.67529557707508],[139.75963443859322,35.67503991701851],[139.75967387291016,35.67521211634912],[139.75979244032555,35.675658050593434],[139.7600967146365,35.676412569974204],[139.76045958379981,35.67744496492469],[139.76056638917606,35.677723678954486],[139.7608638466991,35.67852019704618],[139.76096951056135,35.67883799364737],[139.76132168178907,35.679856682947616],[139.76170040203883,35.68091943422686],[139.76213380772003,35.68220431962917],[139.7625670155018,35.68355994007575],[139.7626985286218,35.684134007033634],[139.76025498138216,35.684457814148224],[139.75978813760344,35.68318117683697],[139.75815422140516,35.683551912638585],[139.75770217059542,35.68249695726754],[139.7564266996079,35.6827443782661],[139.7561332517237,35.68181264696181],[139.75526794128342,35.681940428408126],[139.7546781902699,35.68018188220388],[139.75552814821634,35.67986160204617],[139.75554120428873,35.67983745646599],[139.75478551722225,35.67840445719935],[139.75410532833894,35.67864826264925],[139.75411798419174,35.67867520660179],[139.75397077608392,35.67872890985114],[139.75395557229578,35.678710273934826],[139.75360025907153,35.67883218229384],[139.75351156391673,35.67872652992757],[139.75343034700737,35.678755488517666],[139.7533695590134,35.67865193129572],[139.7535903993167,35.67855891288245],[139.75323416372524,35.67804063527651]]]},"properties":{"name":"東京都千代田区皇居外苑"}},
{"type":"Feature","geometry":{"type":"Polygon","coordinates":[[[139.78006170514124,35.697129279685804],[139.7801334663268,35.69769946142222],[139.78014302398614,35.69777541304924],[139.78017234354357,35.69788862512649],[139.78021500650615,35.69813648479911],[139.78026359153597,35.698418640463274],[139.78030746456062,35.698673614185836],[139.77960801044944,35.6986890412795],[139.77955269596023,35.698690248698384],[139.77749108948004,35.69873810908271],[139.77719168652095,35.69874779266312],[139.77539612457457,35.69878549541829],[139.7753924175056,35.698910241248136],[139.77500772193324,35.69891769605803],[139.77499239783018,35.69804448755749],[139.7727663691069,35.698106164152954],[139.77269580614652,35.69753111774417],[139.77271343858283,35.69696375670515],[139.77268768034955,35.69696715898081],[139.77268687280323,35.69695078609014],[139.77281494899236,35.696949794344654],[139.7736926188197,35.696942910147726],[139.77442860243826,35.69693404999677],[139.7748117250296,35.69691416668555],[139.77535514905892,35.69691027700693],[139.7753689711523,35.69726069085077],[139.77662725648335,35.697227419485216],[139.77671706673226,35.69722503270348],[139.77806374349538,35.697205167937035],[139.7780602368565,35.697164816585676],[139.77808646524153,35.69716365778848],[139.77890496096566,35.6971274931436],[139.77896408285855,35.69712759025743],[139.78006170514124,35.697129279685804]],[[139.77538672585786,35.698518108883],[139.7759328135934,35.69849942698527],[139.77591800631134,35.69813778093797],[139.77589838918627,35.69759149350642],[139.7753696675101,35.697591239373686],[139.77538034766974,35.698171746762846],[139.77538672585786,35.698518108883]]]},"properties":{"name":"東京都千代田区神田佐久間町"}},
{"type":"Feature","geometry":{"type":"Polygon","coordinates":[[[139.77492022035682,35.693468172834265],[139.77494335317522,35.693473923138384],[139.77506445168652,35.69418916248984],[139.77505725897356,35.69419715142682],[139.77468795333064,35.694098137815246],[139.77466180039534,35.694090695919705],[139.77443585612133,35.69467179131128],[139.77488423660895,35.694795350660605],[139.77465153813006,35.695353170988],[139.77363556576415,35.69508127214287],[139.77358423398564,35.695070050641434],[139.7730150414106,35.69491857414823],[139.77246992415817,35.69476661420745],[139.77209077711936,35.69466089766022],[139.7722542896032,35.694271420045155],[139.77232502435373,35.69410572398141],[139.772463947532,35.693773556164835],[139.77340579202516,35.69403194188824],[139.7739781513631,35.69418922745228],[139.7740890411013,35.693927744709434],[139.77430183120603,35.693392344619355],[139.7743642929515,35.693305935911376],[139.77492022035682,35.693468172834265]]]},"properties":{"name":"東京都千代田区神田東松下町"}},
{"type":"Feature","geometry":{"type":"Polygon","coordinates":[[[139.7753696675101,35.697591239373686],[139.77589838918627,35.69759149350642],[139.77591800631134,35.69813778093797],[139.7759328135934,35.69849942698527],[139.77538672585786,35.698518108883],[139.77538034766974,35.698171746762846],[139.7753696675101,35.697591239373686]]]},"properties":{"name":"東京都千代田区神田平河町"}},
{"type":"Feature","geometry":{"type":"Polygon","coordinates":[[[139.77535514905892,35.69691027700693],[139.7748117250296,35.69691416668555],[139.7747920856887,35.696581706917044],[139.774714948134,35.69657445108098],[139.77470688478599,35.69654117399659],[139.77470294066717,35.6965249402116],[139.77468980507248,35.69611153699941],[139.77466907724636,35.69558978904393],[139.77466680158085,35.69555887366413],[139.77465153813006,35.695353170988],[139.77488423660895,35.694795350660605],[139.77443585612133,35.69467179131128],[139.77466180039534,35.694090695919705],[139.77468795333064,35.694098137815246],[139.77505725897356,35.69419715142682],[139.7751248859427,35.69478448286908],[139.77514529316642,35.694868889741215],[139.77522651003238,35.69552340794647],[139.7753546660117,35.696532933074685],[139.77535514905892,35.69691027700693]]]},"properties":{"name":"東京都千代田区神田岩本町"}},
{"type":"Feature","geometry":{"type":"Polygon","coordinates":[[[139.7800478970249,35.696844602840976],[139.78006170514124,35.697129279685804],[139.77896408285855,35.69712759025743],[139.77890496096566,35.6971274931436],[139.77808646524153,35.69716365778848],[139.7780602368565,35.697164816585676],[139.77806374349538,35.697205167937035],[139.77671706673226,35.69722503270348],[139.77662725648335,35.697227419485216],[139.7753689711523,35.69726069085077],[139.77535514905892,35.69691027700693],[139.77622079078765,35.69688981200226],[139.7766107453295,35.696890067318],[139.77670735738948,35.696890112959125],[139.77740246696018,35.69685875055332],[139.7777147553465,35.69685776904371],[139.77802791154738,35.69685629407612],[139.77831031823354,35.696854979959745],[139.77889460182257,35.6968489090447],[139.77895913527473,35.69684865709005],[139.7800478970249,35.696844602840976]]]},"properties":{"name":"東京都千代田区神田佐久間河岸"}},
{"type":"Feature","geometry":{"type":"Polygon","coordinates":[[[139.77422484522728,35.69916476729427],[139.7729317960407,35.69920503766283],[139.77286917944343,35.69894378569674],[139.77284173812106,35.698720154722594],[139.7727663691069,35.698106164152954],[139.77499239783018,35.69804448755749],[139.77500772193324,35.69891769605803],[139.77501122371297,35.69914497608495],[139.77422484522728,35.69916476729427]]]},"properties":{"name":"東京都千代田区神田花岡町"}},
{"type":"Feature","geometry":{"type":"Polygon","coordinates":[[[139.77349615505278,35.691317844610275],[139.77317458379065,35.69203589101156],[139.77301482772125,35.69243618093165],[139.77285218646986,35.692811504858774],[139.77278042709526,35.692979278354976],[139.77256284695895,35.693505941101655],[139.772463947532,35.693773556164835],[139.77232502435373,35.69410572398141],[139.7722542896032,35.694271420045155],[139.77209077711936,35.69466089766022],[139.7715673592272,35.69453331058991],[139.77156688709363,35.69451746607147],[139.77156298475094,35.694388314918676],[139.77153005057176,35.6939632453636],[139.77150111382792,35.693669017963096],[139.77146146528025,35.69347861921186],[139.77133790377638,35.693173004580764],[139.77133074618703,35.693156312019646],[139.77117543369545,35.69288726289558],[139.77091852652916,35.69244221967371],[139.77064490883623,35.69189734675789],[139.77052700773535,35.69161324811775],[139.77037471638263,35.691217868912354],[139.77036843202444,35.69114638877668],[139.77030272878957,35.69082950199246],[139.77018794356547,35.6904818156746],[139.7701698531863,35.690386070737176],[139.77014777459493,35.69036017988065],[139.76976569655676,35.68942417297745],[139.76975556164675,35.6893993438756],[139.769751005904,35.68938818069718],[139.76965480622147,35.689152540383326],[139.77017118862844,35.689290976965964],[139.77031884283232,35.6893371443157],[139.7710428822519,35.689570786862866],[139.77105211693728,35.68957392481706],[139.7715611534081,35.689747314014724],[139.77236757127125,35.690013914079124],[139.77238306712093,35.690018710063136],[139.77312135210644,35.690247208527644],[139.77383031084676,35.69049294087727],[139.7737378837439,35.69072390596105],[139.77362975266638,35.69099545992394],[139.7736165085412,35.69103045169039],[139.77349615505278,35.691317844610275]]]},"properties":{"name":"東京都千代田区鍛冶町"}},
{"type":"Feature","geometry":{"type":"Polygon","coordinates":[[[139.77286917944343,35.69894378569674],[139.7729317960407,35.69920503766283],[139.77299072252958,35.69945090224595],[139.77301046602875,35.69954460499427],[139.7730807500614,35.69987821719327],[139.7731558884504,35.7003580933203],[139.77320342006007,35.70071148173897],[139.7733833425645,35.70174152619039],[139.77338486652337,35.70174592833334],[139.77349237564692,35.702122479957595],[139.7737116572993,35.70277851106339],[139.7737189348398,35.70280027370162],[139.77339578970054,35.70282264768624],[139.77318102301714,35.702837504338326],[139.77302289715442,35.702855382405254],[139.77308802685744,35.703422398037],[139.77312016941735,35.70370229832328],[139.7731446596275,35.70393339341098],[139.7731924839693,35.70438449244178],[139.77319335725622,35.704392943269035],[139.7732541606669,35.704978550982894],[139.7732527511948,35.70498784526055],[139.77297582053484,35.7050102766006],[139.77269862259766,35.70503087738021],[139.77241619431464,35.70505235282309],[139.77200173933403,35.70508383254489],[139.77199626752696,35.7050841109929],[139.77187928277257,35.70509024843047],[139.77137153877473,35.7051169212265],[139.77136341677235,35.70511733973129],[139.77090096949723,35.7051584335458],[139.7708893018936,35.70515923684291],[139.77039585228266,35.705192426244516],[139.77038870284713,35.70519277398971],[139.76993766407736,35.70521580835598],[139.7699190587745,35.70519530568646],[139.76990294902208,35.704689365885464],[139.76989965737548,35.70464985871597],[139.76986827115752,35.704273483227205],[139.76985977353363,35.70413668799603],[139.76983112269215,35.70382150912856],[139.76981117190823,35.703702489183954],[139.76974094462236,35.7036710090602],[139.7696613137655,35.70362455926232],[139.76942312986637,35.70368640106605],[139.76935341982306,35.703388558811014],[139.76931929163186,35.70327875677896],[139.76923158496626,35.70327110292374],[139.76908337270288,35.70328890993141],[139.76905997850196,35.70329171410306],[139.76874897262093,35.70332355185305],[139.76846302261018,35.70335283171319],[139.76845378308164,35.70335377853102],[139.76827363727,35.70333896176605],[139.76799267218422,35.70331585094004],[139.76799438266454,35.703289268601196],[139.7680572835672,35.70288689163264],[139.7680614927387,35.70285999351483],[139.76814449074251,35.70285859494707],[139.76814643653745,35.70264304288427],[139.7681228146211,35.702620354251515],[139.76738590616253,35.702543685077856],[139.76738130934362,35.702543189487116],[139.7669711308594,35.70249887962128],[139.76672128534204,35.70247187505913],[139.7666611367681,35.7024653633179],[139.76663494601053,35.70246253189892],[139.76667728803346,35.70265222941155],[139.76660675798527,35.70265631011194],[139.76653542772314,35.70265655139903],[139.76649240556114,35.702559172409394],[139.7664616881481,35.702557817558215],[139.76642142257433,35.702454771393306],[139.7663014237983,35.70214764062214],[139.76614189083134,35.701796299762435],[139.76617932503066,35.70177353967909],[139.7669737028045,35.70129055541864],[139.76694446267223,35.70110082920061],[139.7670731600271,35.70103600943862],[139.76708357557047,35.701027810969855],[139.76716223433206,35.70096606222794],[139.76733899990424,35.70112798355121],[139.76745505198002,35.70106664196972],[139.7677535311351,35.70090882084733],[139.76791415525034,35.700823912668355],[139.7679915794944,35.70089268439161],[139.76802452480274,35.70087421806311],[139.76807608188963,35.70082312065422],[139.7680688654402,35.70081262478357],[139.76807682441978,35.70080558674464],[139.7681429526682,35.700796961625905],[139.7681490024919,35.70079618975265],[139.7681297362827,35.7006336165701],[139.7680415069574,35.700636455438065],[139.76802172564499,35.70049606373171],[139.7682298191298,35.70028069355217],[139.76844786417436,35.7000756454359],[139.7686210219137,35.7000834857345],[139.7686150412283,35.69997820535504],[139.76859995575956,35.69985672334945],[139.7685863483773,35.6998029159914],[139.7684433115426,35.69980107801524],[139.7684304697195,35.699800929524876],[139.76830889451443,35.699497954942885],[139.76754799056854,35.69985171220345],[139.76759555868063,35.699926348231564],[139.76761184571623,35.69995526406844],[139.7672560499164,35.70009988520312],[139.7671494820741,35.69989075120934],[139.76701148011307,35.69963505214979],[139.76652375511017,35.6997948084245],[139.76640372329703,35.6995197186448],[139.76655462716192,35.69948100187027],[139.76697550824508,35.69934029206887],[139.76722117442193,35.69924141831835],[139.767489937478,35.69910262976055],[139.76787894306068,35.69890764033589],[139.76838133666357,35.69863507544392],[139.7688317928501,35.698375083265816],[139.76888622403197,35.69834201524399],[139.76960596646464,35.69790485016177],[139.76982924169695,35.69777317877384],[139.7698625931571,35.69775171774019],[139.7699376366494,35.69770341528165],[139.77096977109187,35.69707652046526],[139.77096698165843,35.69706986329683],[139.77097121401647,35.697066872953755],[139.77168361056604,35.69699573086806],[139.77196402969557,35.69697922008429],[139.7724613492051,35.69696609434219],[139.77268768034955,35.69696715898081],[139.77271343858283,35.69696375670515],[139.77269580614652,35.69753111774417],[139.7727663691069,35.698106164152954],[139.77284173812106,35.698720154722594],[139.77286917944343,35.69894378569674]]]},"properties":{"name":"東京都千代田区外神田"}},
{"type":"Feature","geometry":{"type":"Polygon","coordinates":[[[139.78030746456062,35.698673614185836],[139.7803165100832,35.69873280463418],[139.78038008572008,35.69914992576619],[139.78045787076138,35.699659937103974],[139.78052492415125,35.70009980466335],[139.78053894041804,35.70019177905548],[139.78015905324963,35.70022157496158],[139.779587144946,35.700266424301894],[139.77949608374627,35.70027300322354],[139.7790880515436,35.70030253620096],[139.77880932975802,35.700322726119126],[139.77869057993004,35.700331334381914],[139.77804268350985,35.70037821955133],[139.77753005626138,35.70042016328223],[139.77695774532842,35.70046700738013],[139.77695125917754,35.70046746223589],[139.7766611014109,35.70048855764548],[139.77657125435687,35.70049509888713],[139.77617160625607,35.70052416900903],[139.77549153393713,35.700573595055175],[139.7754437015726,35.70057705854711],[139.77540626277525,35.6996269062458],[139.7753924175056,35.698910241248136],[139.77539612457457,35.69878549541829],[139.77719168652095,35.69874779266312],[139.77749108948004,35.69873810908271],[139.77955269596023,35.698690248698384],[139.77960801044944,35.6986890412795],[139.78030746456062,35.698673614185836]]]},"properties":{"name":"東京都千代田区神田和泉町"}},
{"type":"Feature","geometry":{"type":"Polygon","coordinates":[[[139.7750660085364,35.701635562313264],[139.77453844413841,35.70166048025177],[139.7744978375989,35.701662396562206],[139.7733833425645,35.70174152619039],[139.77320342006007,35.70071148173897],[139.7731558884504,35.7003580933203],[139.7730807500614,35.69987821719327],[139.77339300347435,35.69986404324904],[139.77380419165507,35.69980646791441],[139.77428605176596,35.699738997335885],[139.77428377893648,35.69971769416861],[139.77447824634243,35.69970701544021],[139.77489200364676,35.699669049676004],[139.7749216157772,35.69991208207038],[139.77511201130716,35.69990580081015],[139.77512030794398,35.70001171563332],[139.77505689761065,35.70001478473442],[139.7749409458249,35.70001902352187],[139.7749457515875,35.70011102854963],[139.7750647258343,35.70010689577628],[139.77509127861285,35.70010599374629],[139.77509209623162,35.70011673304719],[139.7750991776231,35.70021011284897],[139.77493951088738,35.700217957582076],[139.7750660085364,35.701635562313264]]]},"properties":{"name":"東京都千代田区神田練塀町"}},
{"type":"Feature","geometry":{"type":"Polygon","coordinates":[[[139.77422484522728,35.69916476729427],[139.7742515151802,35.6994149815061],[139.77428377893648,35.69971769416861],[139.77428605176596,35.699738997335885],[139.77380419165507,35.69980646791441],[139.77339300347435,35.69986404324904],[139.7730807500614,35.69987821719327],[139.77301046602875,35.69954460499427],[139.77299072252958,35.69945090224595],[139.7729317960407,35.69920503766283],[139.77422484522728,35.69916476729427]]]},"properties":{"name":"東京都千代田区神田相生町"}},
{"type":"Feature","geometry":{"type":"Polygon","coordinates":[[[139.77500772193324,35.69891769605803],[139.7753924175056,35.698910241248136],[139.77540626277525,35.6996269062458],[139.7754437015726,35.70057705854711],[139.77549153393713,35.700573595055175],[139.7755297065257,35.70097891365556],[139.77559398873223,35.7015856779798],[139.77509925597295,35.701632337974104],[139.7750660085364,35.701635562313264],[139.77493951088738,35.700217957582076],[139.7750991776231,35.70021011284897],[139.77509209623162,35.70011673304719],[139.77509127861285,35.70010599374629],[139.7750647258343,35.70010689577628],[139.7749457515875,35.70011102854963],[139.7749409458249,35.70001902352187],[139.77505689761065,35.70001478473442],[139.77512030794398,35.70001171563332],[139.77511201130716,35.69990580081015],[139.7749216157772,35.69991208207038],[139.77489200364676,35.699669049676004],[139.77447824634243,35.69970701544021],[139.77428377893648,35.69971769416861],[139.7742515151802,35.6994149815061],[139.77422484522728,35.69916476729427],[139.77501122371297,35.69914497608495],[139.77500772193324,35.69891769605803]]]},"properties":{"name":"東京都千代田区神田松永町"}},
{"type":"Feature","geometry":{"type":"Polygon","coordinates":[[[139.76548755875407,35.69549237719931],[139.76556904824267,35.69546105206799],[139.76560454348328,35.69544885407862],[139.76565152107932,35.69522857362943],[139.7656828090642,35.69524038658552],[139.76614430221392,35.69542014450074],[139.7662554678463,35.69545668421275],[139.76627717325707,35.69546475909279],[139.76655479934703,35.695568149560266],[139.76679358509318,35.69566377059648],[139.76703975741574,35.695240017671054],[139.76726894574094,35.69533172411465],[139.76743325040692,35.69539748104392],[139.7674513363219,35.695397033087595],[139.76791263337043,35.69557277138601],[139.7681560779637,35.695679800044786],[139.7679947933525,35.69601216233055],[139.76792331159018,35.69615944215791],[139.76806853249388,35.696213355599845],[139.76834222212509,35.696327584328166],[139.76838735267046,35.696404471238786],[139.768580919389,35.696677838661934],[139.7687241877493,35.696880160713896],[139.76872947433006,35.6968881920601],[139.76889523848408,35.697137214277284],[139.76892428697698,35.69717898853484],[139.76922687337992,35.697584731914226],[139.76866114223532,35.69811479117861],[139.7688317928501,35.698375083265816],[139.76838133666357,35.69863507544392],[139.76787894306068,35.69890764033589],[139.767489937478,35.69910262976055],[139.7673464089084,35.69875101703187],[139.76711745659682,35.69815845182697],[139.76691215600786,35.69818861859187],[139.76676746837074,35.697952364417034],[139.76671269428016,35.6978629245306],[139.76648976989284,35.69749235959539],[139.766311404329,35.6971958630232],[139.76594694547163,35.6966055094468],[139.76603769152257,35.69656373067007],[139.76573692322228,35.69597798945529],[139.76548755875407,35.69549237719931]]]},"properties":{"name":"東京都千代田区神田淡路町"}},
{"type":"Feature","geometry":{"type":"Polygon","coordinates":[[[139.77156688709363,35.69451746607147],[139.7715673592272,35.69453331058991],[139.77209077711936,35.69466089766022],[139.77246992415817,35.69476661420745],[139.7730150414106,35.69491857414823],[139.77358423398564,35.695070050641434],[139.77363556576415,35.69508127214287],[139.77465153813006,35.695353170988],[139.77466680158085,35.69555887366413],[139.77466907724636,35.69558978904393],[139.77468980507248,35.69611153699941],[139.77470294066717,35.6965249402116],[139.77470688478599,35.69654117399659],[139.774714948134,35.69657445108098],[139.7747920856887,35.696581706917044],[139.7748117250296,35.69691416668555],[139.77442860243826,35.69693404999677],[139.7736926188197,35.696942910147726],[139.77281494899236,35.696949794344654],[139.77268687280323,35.69695078609014],[139.77268768034955,35.69696715898081],[139.7724613492051,35.69696609434219],[139.77196402969557,35.69697922008429],[139.77168361056604,35.69699573086806],[139.77097121401647,35.697066872953755],[139.77096698165843,35.69706986329683],[139.77096977109187,35.69707652046526],[139.7699376366494,35.69770341528165],[139.7698625931571,35.69775171774019],[139.76982924169695,35.69777317877384],[139.76960596646464,35.69790485016177],[139.76888622403197,35.69834201524399],[139.7688317928501,35.698375083265816],[139.76866114223532,35.69811479117861],[139.76922687337992,35.697584731914226],[139.76892428697698,35.69717898853484],[139.76889523848408,35.697137214277284],[139.76872947433006,35.6968881920601],[139.7687241877493,35.696880160713896],[139.768580919389,35.696677838661934],[139.76838735267046,35.696404471238786],[139.76834222212509,35.696327584328166],[139.76806853249388,35.696213355599845],[139.76792331159018,35.69615944215791],[139.7679947933525,35.69601216233055],[139.7681560779637,35.695679800044786],[139.76791263337043,35.69557277138601],[139.7674513363219,35.695397033087595],[139.7674453860352,35.694816140859345],[139.76744484051702,35.6947636069611],[139.76745241882043,35.69443827272375],[139.7677628334594,35.694561430130136],[139.76836244138184,35.694799246477],[139.76837078944612,35.694803617231415],[139.76881908234694,35.69498733652842],[139.7688247192624,35.69498966419211],[139.7693086760105,35.69512674782245],[139.76945796346462,35.69477247654737],[139.7695494072819,35.69453447355239],[139.76955265128427,35.694512010447205],[139.76977219647057,35.694030880414395],[139.77017525424665,35.69414644067336],[139.77017969447078,35.694144470814685],[139.77063922808253,35.6942586855635],[139.77064762112474,35.69427520394227],[139.7712519401851,35.69443522924399],[139.77125499255013,35.694430301233595],[139.77156688709363,35.69451746607147]]]},"properties":{"name":"東京都千代田区神田須田町"}},
{"type":"Feature","geometry":{"type":"Polygon","coordinates":[[[139.7650589913504,35.6956012499241],[139.7651600305542,35.695618242315305],[139.76548755875407,35.69549237719931],[139.76573692322228,35.69597798945529],[139.76603769152257,35.69656373067007],[139.76594694547163,35.6966055094468],[139.766311404329,35.6971958630232],[139.76648976989284,35.69749235959539],[139.76671269428016,35.6978629245306],[139.76676746837074,35.697952364417034],[139.76691215600786,35.69818861859187],[139.76711745659682,35.69815845182697],[139.7673464089084,35.69875101703187],[139.767489937478,35.69910262976055],[139.76722117442193,35.69924141831835],[139.76697550824508,35.69934029206887],[139.76655462716192,35.69948100187027],[139.76640372329703,35.6995197186448],[139.76552254284428,35.699745831163376],[139.76540740112983,35.699778018504965],[139.76500383817444,35.69988468429924],[139.7645091462421,35.70001281008058],[139.7640586589947,35.70013807232753],[139.7638342984883,35.700121076584594],[139.76355728361224,35.70021696748609],[139.76334082106817,35.700300745493635],[139.76294459354813,35.70050148858672],[139.76278225945327,35.700654061737374],[139.76269147585782,35.70079213613865],[139.76249269093165,35.701041654441504],[139.76228735967712,35.7012249036553],[139.76227139285172,35.70120070510135],[139.7620760805543,35.70133554752451],[139.76184800261424,35.701436075734904],[139.76158291466948,35.70149848414241],[139.76109960712512,35.70156892832054],[139.76075126121285,35.70159184973746],[139.76011624981362,35.7015926239569],[139.7595799807006,35.701585815876065],[139.7586328892047,35.701577484842105],[139.7576921067612,35.70157281448232],[139.7576334907011,35.701574538977596],[139.7568761169639,35.70172546175602],[139.75660384842013,35.70180102426218],[139.75672970505505,35.701357499276384],[139.75673574150997,35.701336095690785],[139.7567391198922,35.701324337726774],[139.75701619541542,35.70123655996926],[139.7570185806386,35.7012198366509],[139.75718945283745,35.70111421002699],[139.75755987525002,35.70103557388407],[139.7576841557631,35.70100058339703],[139.75779581021936,35.7009488952024],[139.75813467466955,35.70089699725634],[139.75847180735403,35.70053268241578],[139.7585355888246,35.70053437689843],[139.75865915370798,35.70041026882879],[139.75868794289508,35.700423736819445],[139.75883815659066,35.7004036896099],[139.75891498138915,35.700454473970105],[139.75894756809652,35.700423509658144],[139.75932357216686,35.700066082444465],[139.75957154211358,35.69991004625628],[139.7598747704089,35.69975326920455],[139.75974954084012,35.699628021441775],[139.7597332772306,35.6996105123317],[139.76007153774856,35.699379041208545],[139.76035570719253,35.69912577621],[139.76052865903193,35.69898659357863],[139.7608800352641,35.6987861466651],[139.76092264055043,35.69856547846765],[139.76088696367694,35.69833948178026],[139.76084993765215,35.698055176714334],[139.7608177453379,35.69774165137901],[139.76072899860404,35.69749171466497],[139.7606754800684,35.6972121190929],[139.7607183150925,35.69703620205362],[139.7610042724862,35.69689183919282],[139.7612598866738,35.69690107719573],[139.76159312791088,35.69684480209342],[139.7616792995597,35.69680429217537],[139.7616915682533,35.69679852445783],[139.76223291828427,35.69660188391667],[139.7623049452596,35.69657611780242],[139.76258780656406,35.696474986837174],[139.76264032403935,35.69645445675235],[139.7628387510113,35.696382604006295],[139.76286645482963,35.69637258538195],[139.76316607090016,35.69626410409466],[139.7631944139899,35.69626214939497],[139.76335932237893,35.696190699778455],[139.7633946602215,35.69618867790586],[139.7634328274356,35.69557189735549],[139.763730042898,35.695568726170286],[139.76373797991724,35.69556897685037],[139.76405048409427,35.69557993186332],[139.76406214490692,35.69557898765773],[139.76446451821673,35.695594817602306],[139.76505681846982,35.695612127294694],[139.7650589913504,35.6956012499241]]]},"properties":{"name":"東京都千代田区神田駿河台"}},
{"type":"Feature","geometry":{"type":"Polygon","coordinates":[[[139.7597332772306,35.6996105123317],[139.75974954084012,35.699628021441775],[139.7598747704089,35.69975326920455],[139.75957154211358,35.69991004625628],[139.75932357216686,35.700066082444465],[139.75894756809652,35.700423509658144],[139.75891498138915,35.700454473970105],[139.75883815659066,35.7004036896099],[139.75868794289508,35.700423736819445],[139.75865915370798,35.70041026882879],[139.7585355888246,35.70053437689843],[139.75847180735403,35.70053268241578],[139.75813467466955,35.70089699725634],[139.75779581021936,35.7009488952024],[139.7576841557631,35.70100058339703],[139.75755987525002,35.70103557388407],[139.75718945283745,35.70111421002699],[139.7570185806386,35.7012198366509],[139.75701619541542,35.70123655996926],[139.7567391198922,35.701324337726774],[139.75683076979143,35.70100606621159],[139.75693825973744,35.70065551685512],[139.7571041716873,35.70011459185557],[139.75713952145202,35.70008950937609],[139.75738931980717,35.699828940789565],[139.75753908962074,35.69967273921625],[139.7576445483934,35.699564218907796],[139.7580944645637,35.69910110780225],[139.75812240785555,35.699072359071074],[139.75843035954995,35.698759677949184],[139.75871617838823,35.69844501196894],[139.7587232385845,35.69843645967974],[139.75886143021458,35.69826866587723],[139.75902999224718,35.698020401437866],[139.75910695758986,35.69791186320083],[139.75916123820184,35.69783528057719],[139.75939138109268,35.697499030268986],[139.75939639580966,35.697491780078074],[139.7596082271395,35.69718526974637],[139.7597912420163,35.69693176772116],[139.7599244896341,35.69674721009397],[139.75996492370678,35.69670121653487],[139.75997414257637,35.696690729381004],[139.76003185514898,35.696730833103274],[139.7606888728964,35.69689647249279],[139.7607183150925,35.69703620205362],[139.7606754800684,35.6972121190929],[139.76072899860404,35.69749171466497],[139.7608177453379,35.69774165137901],[139.76084993765215,35.698055176714334],[139.76088696367694,35.69833948178026],[139.76092264055043,35.69856547846765],[139.7608800352641,35.6987861466651],[139.76052865903193,35.69898659357863],[139.76035570719253,35.69912577621],[139.76007153774856,35.699379041208545],[139.7597332772306,35.6996105123317]]]},"properties":{"name":"東京都千代田区神田猿楽町"}},
{"type":"Feature","geometry":{"type":"Polygon","coordinates":[[[139.75444918490396,35.6975753990085],[139.75505089819845,35.69782912387486],[139.75507312682512,35.69783554702328],[139.75567487387414,35.69809152214749],[139.7559198273009,35.69818671071818],[139.75622062225057,35.6983102076563],[139.75642171009395,35.698393994584364],[139.75671074806468,35.69850948946278],[139.7567553287955,35.69852906029913],[139.75728166308858,35.69874350207127],[139.75747929105225,35.698819186249445],[139.75751545708206,35.698832130975326],[139.7578939929792,35.69898359321833],[139.75812240785555,35.699072359071074],[139.7580944645637,35.69910110780225],[139.7576445483934,35.699564218907796],[139.75753908962074,35.69967273921625],[139.75738931980717,35.699828940789565],[139.75713952145202,35.70008950937609],[139.75668727528506,35.69998366476932],[139.7566678140826,35.69997720943794],[139.75606822883879,35.699821833329],[139.7555821497293,35.69968286560536],[139.7552462073101,35.699593357417584],[139.7549324416407,35.69950805225303],[139.754690897843,35.69944413052311],[139.75416058312652,35.69930125495848],[139.7535941058086,35.699145466288066],[139.75311369383513,35.699013110956344],[139.75252785157795,35.698855333033656],[139.75250011980847,35.69884897693469],[139.752208059806,35.69876631924269],[139.75236362726093,35.69790118272362],[139.75234899715704,35.69790427178931],[139.75252802287886,35.69689475637096],[139.7525691769484,35.69680214694907],[139.7525717899485,35.69678824152042],[139.75319629423865,35.69704628702197],[139.75320120720335,35.69704833278532],[139.75361905254604,35.69722398966488],[139.75397813438084,35.69737552097944],[139.75441573165426,35.697560166554275],[139.75444918490396,35.6975753990085]]]},"properties":{"name":"東京都千代田区西神田"}},
{"type":"Feature","geometry":{"type":"Polygon","coordinates":[[[139.75141603271246,35.7002033920616],[139.7517462486708,35.69960223634069],[139.7520301304464,35.69908153685005],[139.75214358728257,35.69889264374284],[139.7521987556596,35.69877817856239],[139.752208059806,35.69876631924269],[139.75250011980847,35.69884897693469],[139.75252785157795,35.698855333033656],[139.75311369383513,35.699013110956344],[139.7535941058086,35.699145466288066],[139.75416058312652,35.69930125495848],[139.754690897843,35.69944413052311],[139.7549324416407,35.69950805225303],[139.7552462073101,35.699593357417584],[139.7555821497293,35.69968286560536],[139.75606822883879,35.699821833329],[139.7566678140826,35.69997720943794],[139.75668727528506,35.69998366476932],[139.75713952145202,35.70008950937609],[139.7571041716873,35.70011459185557],[139.75693825973744,35.70065551685512],[139.75683076979143,35.70100606621159],[139.7567391198922,35.701324337726774],[139.75673574150997,35.701336095690785],[139.75672970505505,35.701357499276384],[139.75660384842013,35.70180102426218],[139.75575919292825,35.70200871377281],[139.7554902066939,35.702063819411265],[139.75523425804172,35.702116256741164],[139.7544869619766,35.70228266378047],[139.75426670383098,35.702310159981344],[139.75376858121575,35.7023815901553],[139.7534299436993,35.70242407481904],[139.75290384481488,35.70247794773532],[139.75189844488582,35.70254973488237],[139.75184259279376,35.70255371094596],[139.75084587460896,35.702628733794775],[139.75081899700274,35.70233140535487],[139.75078718677878,35.70194193050123],[139.7507544061268,35.701572172323],[139.75074126079267,35.70143709906048],[139.7509864604192,35.70097714741939],[139.75111939696706,35.70075031205803],[139.751272303843,35.7004603602784],[139.75141603271246,35.7002033920616]]]},"properties":{"name":"東京都千代田区神田三崎町"}},
{"type":"Feature","geometry":{"type":"Polygon","coordinates":[[[139.77501484126432,35.69148904496427],[139.77476486376318,35.691360970675724],[139.77362975266638,35.69099545992394],[139.7737378837439,35.69072390596105],[139.77383031084676,35.69049294087727],[139.77507915174607,35.69092515716191],[139.77521548222884,35.69097233450817],[139.77513261561083,35.69118615756444],[139.77501787385594,35.6914820401004],[139.77501484126432,35.69148904496427]]]},"properties":{"name":"東京都千代田区神田美倉町"}},
{"type":"Feature","geometry":{"type":"Polygon","coordinates":[[[139.7461400723699,35.67989369732004],[139.74595691874745,35.68000482830373],[139.74550112602057,35.680775063172085],[139.74458747894872,35.68231284957076],[139.7444770957846,35.68264595761648],[139.74445621485327,35.6827570638974],[139.74438835702892,35.68311833661644],[139.7443030644388,35.68312760387293],[139.7439388373011,35.68316722774401],[139.74342968176586,35.68321670739644],[139.74263504139407,35.68330491185619],[139.74260605343716,35.683308129611625],[139.74223159738398,35.68335178957056],[139.74167299896231,35.68340601255531],[139.74173668662144,35.683098821319916],[139.74180389133312,35.68275783047631],[139.74182563894212,35.68234437929271],[139.74182382110942,35.68233025887909],[139.74184975136865,35.68178681724683],[139.74186447356908,35.68119090381001],[139.74186978562966,35.68092120117511],[139.7418820523869,35.68054270586981],[139.74188810011404,35.68044746820928],[139.74189110788726,35.68032187735487],[139.74189290207474,35.6802006527118],[139.74192723233955,35.68014726445979],[139.74203003164865,35.680019214368706],[139.74210054390716,35.679926524860214],[139.7422777674632,35.67983726072006],[139.74290891472236,35.67955767644066],[139.7430136511563,35.679485011552515],[139.74312542098997,35.679344819443955],[139.74314038914378,35.67932613531571],[139.74394078448498,35.67949327128824],[139.74490317965896,35.67966851300685],[139.7459105157238,35.679851914421256],[139.7461400723699,35.67989369732004]]]},"properties":{"name":"東京都千代田区隼町"}},
{"type":"Feature","geometry":{"type":"Polygon","coordinates":[[[139.74312542098997,35.679344819443955],[139.7430136511563,35.679485011552515],[139.74290891472236,35.67955767644066],[139.7422777674632,35.67983726072006],[139.74210054390716,35.679926524860214],[139.74203003164865,35.680019214368706],[139.74192723233955,35.68014726445979],[139.74189290207474,35.6802006527118],[139.74189110788726,35.68032187735487],[139.74188810011404,35.68044746820928],[139.7418820523869,35.68054270586981],[139.74186978562966,35.68092120117511],[139.74186447356908,35.68119090381001],[139.74184975136865,35.68178681724683],[139.74182382110942,35.68233025887909],[139.74182563894212,35.68234437929271],[139.74180389133312,35.68275783047631],[139.74173668662144,35.683098821319916],[139.74167299896231,35.68340601255531],[139.74158337034967,35.68340964193964],[139.74127011652408,35.68340834724988],[139.7410452342774,35.683381169787246],[139.74028536433352,35.68325883194055],[139.73926520339143,35.68309371891244],[139.7392243089232,35.68308854566045],[139.73876685947272,35.683030479265994],[139.73837917487847,35.682987395350956],[139.73819540528305,35.68296105611575],[139.73821890333866,35.68252471956844],[139.73822692608843,35.682255548480086],[139.73829911675173,35.68075032007069],[139.73830019148147,35.680735567316184],[139.73830818570187,35.68062628267025],[139.73833069607684,35.68017579275785],[139.7383735495773,35.67967440498211],[139.73839451255188,35.67954520123676],[139.73852083714567,35.67861178521338],[139.73904069663516,35.67865828155622],[139.73939202938962,35.678678695295204],[139.73975394350342,35.67873316451202],[139.74013119802942,35.67880415574918],[139.74085508027548,35.67893368498996],[139.74312542098997,35.679344819443955]]]},"properties":{"name":"東京都千代田区平河町"}},
{"type":"Feature","geometry":{"type":"Polygon","coordinates":[[[139.74484487464693,35.685203121636505],[139.7448334772496,35.685197162453996],[139.7445741186377,35.68524161785855],[139.74433899745304,35.68526207810717],[139.7429495300324,35.685383013363506],[139.74297412805922,35.68553288422508],[139.74228290860333,35.68562947318764],[139.7416443763194,35.68571873940474],[139.74164032665317,35.68568338647909],[139.7415758981872,35.685692421540544],[139.74136867271088,35.68571117103957],[139.74118177701556,35.68572806986118],[139.74112373029422,35.68573200510168],[139.74077810061394,35.68575441556225],[139.74073786523655,35.68575702483076],[139.7406676955211,35.68576161937182],[139.74023684278154,35.68579125222565],[139.7397040376676,35.6857721081454],[139.73919489958877,35.685734882494735],[139.7391109090068,35.68585935358362],[139.7389537257262,35.686092319155144],[139.7389098123985,35.686046828854494],[139.73805800265544,35.68516377041652],[139.73797948901307,35.685137336238185],[139.73792286825372,35.68512694111788],[139.73726494444162,35.68495047621603],[139.7372571203613,35.6849714907908],[139.73652629079672,35.68478999911989],[139.73590279307152,35.684639187489225],[139.73580555167243,35.68461108187997],[139.73578003545558,35.684673312432075],[139.73513287977275,35.684582651220865],[139.735110674068,35.68462817541882],[139.7350960722163,35.68465811083023],[139.73501083935923,35.684832787815004],[139.73499415999032,35.684866997361055],[139.73493731069152,35.68485874681055],[139.73453935473717,35.6848418985812],[139.7344853303917,35.68483961125493],[139.7339103766887,35.6851329287819],[139.73389542429322,35.685148795881574],[139.7338441948456,35.685203223392065],[139.73349090621292,35.685545381605756],[139.7337567175891,35.68573182505085],[139.73342497041853,35.68626652652071],[139.73338616029986,35.68624927743754],[139.73323697742623,35.686161094080035],[139.73298540419682,35.686012301513614],[139.7325328012285,35.685746056918944],[139.73242097984618,35.68566934744171],[139.73203370260018,35.68583676183684],[139.73165265842724,35.68602150539878],[139.73136576986252,35.68618266357485],[139.73125609589937,35.686029373767205],[139.73118340201862,35.68605920623251],[139.73047092923684,35.68635144030722],[139.73045798536603,35.68630720641777],[139.73044031375716,35.686246736682996],[139.73040201415205,35.68625318221577],[139.730312886095,35.68597357701201],[139.73035623504921,35.68595907217513],[139.73026436792313,35.6856447475272],[139.73018220312008,35.68537926715444],[139.73016390384274,35.6851448257209],[139.7301096680813,35.684967252425686],[139.73009109191776,35.68493188583972],[139.73036171978828,35.68485447909222],[139.73037420768404,35.68485089957799],[139.7302533542712,35.684593765388506],[139.72995646804463,35.68466942333597],[139.72988567317833,35.68454060155505],[139.73026011102962,35.68361712498712],[139.7303562101854,35.68343939766194],[139.73108952746858,35.68371979622339],[139.73118991476932,35.683758189170824],[139.73217736589703,35.68413935384211],[139.73302058081742,35.68442194531425],[139.73305281179552,35.68434120049086],[139.73307786938577,35.684277104281314],[139.73342164601257,35.68341704049443],[139.73344157121926,35.683367165344286],[139.7335718865983,35.683040703737035],[139.7344534641268,35.682288432252854],[139.7344968643409,35.682264243503994],[139.73463888492319,35.68224193087303],[139.7348712210996,35.68225215538708],[139.73524043569128,35.682317206414055],[139.7356134575473,35.682407997956425],[139.7357881319883,35.682494860640546],[139.73594665655847,35.68259942013422],[139.7361595700394,35.68276433822315],[139.73641787989277,35.68289753266235],[139.7366213391137,35.682951636280926],[139.73685746085448,35.68292841114067],[139.73691340770608,35.68291440798493],[139.7369886142155,35.6829170729393],[139.7381222712181,35.68295751200992],[139.73819540528305,35.68296105611575],[139.73837917487847,35.682987395350956],[139.73876685947272,35.683030479265994],[139.7392243089232,35.68308854566045],[139.73926520339143,35.68309371891244],[139.74028536433352,35.68325883194055],[139.7410452342774,35.683381169787246],[139.74127011652408,35.68340834724988],[139.74158337034967,35.68340964193964],[139.74167299896231,35.68340601255531],[139.74223159738398,35.68335178957056],[139.74260605343716,35.683308129611625],[139.74263504139407,35.68330491185619],[139.74342968176586,35.68321670739644],[139.7439388373011,35.68316722774401],[139.7443030644388,35.68312760387293],[139.74438835702892,35.68311833661644],[139.7443094115033,35.68357258898921],[139.7443460181541,35.68373771422433],[139.74436099947937,35.68380525759053],[139.7445359480327,35.68378753468149],[139.7446350601248,35.68378429855308],[139.74462753326603,35.68389305576282],[139.74464206917668,35.684143865015336],[139.7446825062263,35.68441279093965],[139.74484487464693,35.685203121636505]]]},"properties":{"name":"東京都千代田区麹町"}},
{"type":"Feature","geometry":{"type":"Polygon","coordinates":[[[139.74538254478068,35.68902345097731],[139.74518891164323,35.68901792414173],[139.7447955827849,35.68893302676394],[139.74445201000182,35.688845560673975],[139.7436955915198,35.68864874210729],[139.74226005753334,35.68823666467483],[139.74250925507633,35.68885703642297],[139.74276950068472,35.68950494999548],[139.74158345889512,35.68917417453954],[139.74100153616544,35.68901655485775],[139.740373307513,35.68878720997597],[139.7387411317198,35.688222762824964],[139.73786739154718,35.687881104569904],[139.73840546703835,35.686881290581034],[139.73842856488554,35.68683838825199],[139.73860759751167,35.68656315971461],[139.7386426934862,35.68650920522991],[139.73866734848113,35.68647133827286],[139.7389098123985,35.686046828854494],[139.7389537257262,35.686092319155144],[139.7391109090068,35.68585935358362],[139.73919489958877,35.685734882494735],[139.7397040376676,35.6857721081454],[139.74023684278154,35.68579125222565],[139.7406676955211,35.68576161937182],[139.74073786523655,35.68575702483076],[139.74077810061394,35.68575441556225],[139.74112373029422,35.68573200510168],[139.74118177701556,35.68572806986118],[139.74136867271088,35.68571117103957],[139.7415758981872,35.685692421540544],[139.74164032665317,35.68568338647909],[139.7416443763194,35.68571873940474],[139.74228290860333,35.68562947318764],[139.74297412805922,35.68553288422508],[139.7429495300324,35.685383013363506],[139.74433899745304,35.68526207810717],[139.7445741186377,35.68524161785855],[139.7448334772496,35.685197162453996],[139.74484487464693,35.685203121636505],[139.7450848842743,35.68601023276451],[139.74534179409252,35.687152447090625],[139.74533189179087,35.687318136748985],[139.74541573212554,35.68790778507386],[139.74544234176994,35.68808297287636],[139.7451647245851,35.68812692320095],[139.74538254478068,35.68902345097731]]]},"properties":{"name":"東京都千代田区一番町"}},
{"type":"Feature","geometry":{"type":"Polygon","coordinates":[[[139.73726494444162,35.68495047621603],[139.73792286825372,35.68512694111788],[139.73797948901307,35.685137336238185],[139.73805800265544,35.68516377041652],[139.7389098123985,35.686046828854494],[139.73866734848113,35.68647133827286],[139.7386426934862,35.68650920522991],[139.73860759751167,35.68656315971461],[139.73842856488554,35.68683838825199],[139.73840546703835,35.686881290581034],[139.73786739154718,35.687881104569904],[139.7376499531582,35.68779498516016],[139.73759129641172,35.687771735633284],[139.7375036930314,35.68773782966238],[139.7372622148724,35.68764433169782],[139.7362744115414,35.68727341721059],[139.73493544990367,35.68682429014931],[139.73389148887244,35.686469753792146],[139.73385428147478,35.68645711937553],[139.73378865275717,35.68642798095876],[139.73342497041853,35.68626652652071],[139.7337567175891,35.68573182505085],[139.73349090621292,35.685545381605756],[139.7338441948456,35.685203223392065],[139.73389542429322,35.685148795881574],[139.7339103766887,35.6851329287819],[139.7344853303917,35.68483961125493],[139.73453935473717,35.6848418985812],[139.73493731069152,35.68485874681055],[139.73499415999032,35.684866997361055],[139.73501083935923,35.684832787815004],[139.7350960722163,35.68465811083023],[139.735110674068,35.68462817541882],[139.73513287977275,35.684582651220865],[139.73578003545558,35.684673312432075],[139.73580555167243,35.68461108187997],[139.73590279307152,35.684639187489225],[139.73652629079672,35.68478999911989],[139.7372571203613,35.6849714907908],[139.73726494444162,35.68495047621603]]]},"properties":{"name":"東京都千代田区二番町"}},
{"type":"Feature","geometry":{"type":"Polygon","coordinates":[[[139.73852083714567,35.67861178521338],[139.73839451255188,35.67954520123676],[139.7383735495773,35.67967440498211],[139.73833069607684,35.68017579275785],[139.73830818570187,35.68062628267025],[139.73830019148147,35.680735567316184],[139.73829911675173,35.68075032007069],[139.73822692608843,35.682255548480086],[139.73821890333866,35.68252471956844],[139.73819540528305,35.68296105611575],[139.7381222712181,35.68295751200992],[139.7369886142155,35.6829170729393],[139.73691340770608,35.68291440798493],[139.73685746085448,35.68292841114067],[139.7366213391137,35.682951636280926],[139.73641787989277,35.68289753266235],[139.7361595700394,35.68276433822315],[139.73594665655847,35.68259942013422],[139.7357881319883,35.682494860640546],[139.7356134575473,35.682407997956425],[139.73524043569128,35.682317206414055],[139.7348712210996,35.68225215538708],[139.73463888492319,35.68224193087303],[139.7344968643409,35.682264243503994],[139.7344534641268,35.682288432252854],[139.7335718865983,35.683040703737035],[139.73344157121926,35.683367165344286],[139.73342164601257,35.68341704049443],[139.73307786938577,35.684277104281314],[139.73305281179552,35.68434120049086],[139.73302058081742,35.68442194531425],[139.73217736589703,35.68413935384211],[139.73118991476932,35.683758189170824],[139.73108952746858,35.68371979622339],[139.7303562101854,35.68343939766194],[139.73069662184523,35.68280989149334],[139.73075426677207,35.68268336222329],[139.7311213177849,35.681979584803095],[139.7312625861062,35.68180185970345],[139.7313124296982,35.681717926712665],[139.7315043181216,35.68154070189889],[139.7315290531159,35.68155089826264],[139.73203113229474,35.68111320625937],[139.73242569949323,35.680776825492124],[139.73260040703175,35.68063433680637],[139.73268771410832,35.680542442884594],[139.73288488066382,35.6802549423186],[139.73302588983773,35.67993430022473],[139.73308115103416,35.67978523267929],[139.7331748196077,35.679532539552035],[139.73331198667185,35.67923639759622],[139.73342291078328,35.679109804630386],[139.73346389570642,35.67908290468109],[139.73364050342224,35.67898660932812],[139.73404638241303,35.67890198371412],[139.73437174273522,35.67886457497733],[139.73474266990496,35.678812133667556],[139.73507661422062,35.6787942385479],[139.73535165113745,35.67878773582887],[139.73604561573939,35.6788235417576],[139.73627259779758,35.678839006059405],[139.73690146068165,35.67886883817749],[139.73691237231327,35.67870413527637],[139.7369994639748,35.67849058754683],[139.73758249348901,35.67854178796302],[139.73852083714567,35.67861178521338]]]},"properties":{"name":"東京都千代田区紀尾井町"}},
{"type":"Feature","geometry":{"type":"Polygon","coordinates":[[[139.7362744115414,35.68727341721059],[139.73606423255595,35.68776974091767],[139.7360397514381,35.68782320480737],[139.7358318314581,35.68827843918468],[139.73581840295128,35.68831022231561],[139.73562741478383,35.68876184376385],[139.7356047421865,35.6888348858412],[139.73558521201298,35.688897790061525],[139.73540082748315,35.68932927626825],[139.7353874255062,35.68936528588273],[139.7352258172827,35.68930188221444],[139.73514520209275,35.68927026878669],[139.73458132917662,35.68907439493045],[139.73415547810947,35.68892644689352],[139.7340162361054,35.68886545504616],[139.73336376510773,35.688600562086975],[139.7320516595205,35.68806407157616],[139.7320538253418,35.68803146909976],[139.73201224209978,35.68794640278457],[139.7312475801984,35.68769309521181],[139.7307248403108,35.687520723941425],[139.73059226346476,35.68702066845572],[139.73057719218957,35.686816369579255],[139.73047092923684,35.68635144030722],[139.73118340201862,35.68605920623251],[139.73125609589937,35.686029373767205],[139.73136576986252,35.68618266357485],[139.73165265842724,35.68602150539878],[139.73203370260018,35.68583676183684],[139.73242097984618,35.68566934744171],[139.7325328012285,35.685746056918944],[139.73298540419682,35.686012301513614],[139.73323697742623,35.686161094080035],[139.73338616029986,35.68624927743754],[139.73342497041853,35.68626652652071],[139.73378865275717,35.68642798095876],[139.73385428147478,35.68645711937553],[139.73389148887244,35.686469753792146],[139.73493544990367,35.68682429014931],[139.7362744115414,35.68727341721059]]]},"properties":{"name":"東京都千代田区六番町"}},
{"type":"Feature","geometry":{"type":"Polygon","coordinates":[[[139.7394925769803,35.6908894638445],[139.7388183765349,35.690666623595725],[139.73867404520735,35.69061397788204],[139.73863637233998,35.69060021599497],[139.73717863346494,35.69006827781689],[139.7370511262495,35.68998064522298],[139.73662897594076,35.68982429449943],[139.73645475368843,35.689759861126504],[139.73629313938872,35.68970012114567],[139.73589976644246,35.689554704759956],[139.7353874255062,35.68936528588273],[139.73540082748315,35.68932927626825],[139.73558521201298,35.688897790061525],[139.7356047421865,35.6888348858412],[139.73562741478383,35.68876184376385],[139.73581840295128,35.68831022231561],[139.7358318314581,35.68827843918468],[139.7360397514381,35.68782320480737],[139.73606423255595,35.68776974091767],[139.7362744115414,35.68727341721059],[139.7372622148724,35.68764433169782],[139.7375036930314,35.68773782966238],[139.73759129641172,35.687771735633284],[139.7376499531582,35.68779498516016],[139.73786739154718,35.687881104569904],[139.7387411317198,35.688222762824964],[139.740373307513,35.68878720997597],[139.74016093763387,35.68936747813167],[139.74015033137366,35.68939644804634],[139.73998557426975,35.68977193729611],[139.73997923965229,35.68978643902396],[139.73974704880212,35.690316799368865],[139.7394925769803,35.6908894638445]]]},"properties":{"name":"東京都千代田区四番町"}},
{"type":"Feature","geometry":{"type":"Polygon","coordinates":[[[139.73639560214198,35.69118020785606],[139.73621155624335,35.69112622482543],[139.73614511534316,35.69111324934481],[139.73604700589735,35.69111834598376],[139.73594009685723,35.69114628693089],[139.73579693133675,35.69128236177675],[139.7354514932762,35.691770405595165],[139.73428555472603,35.69109585864913],[139.7331958025978,35.690449175197955],[139.7331809550234,35.69044036463861],[139.73263733822256,35.690117748586296],[139.73129462302552,35.689320878449195],[139.73087018719394,35.68843274229417],[139.7308069658767,35.68830044178576],[139.73080145597777,35.688289170012986],[139.73072738546128,35.68813763498348],[139.73070718374746,35.688072375019],[139.730932511036,35.68801601787576],[139.7307248403108,35.687520723941425],[139.7312475801984,35.68769309521181],[139.73201224209978,35.68794640278457],[139.7320538253418,35.68803146909976],[139.7320516595205,35.68806407157616],[139.73336376510773,35.688600562086975],[139.7340162361054,35.68886545504616],[139.73415547810947,35.68892644689352],[139.73458132917662,35.68907439493045],[139.73514520209275,35.68927026878669],[139.7352258172827,35.68930188221444],[139.7353874255062,35.68936528588273],[139.73589976644246,35.689554704759956],[139.73629313938872,35.68970012114567],[139.73645475368843,35.689759861126504],[139.73662897594076,35.68982429449943],[139.7370511262495,35.68998064522298],[139.73671634340158,35.69061112381123],[139.73639560214198,35.69118020785606]]]},"properties":{"name":"東京都千代田区五番町"}}
]}